WARN 2025-11-16 10:38:48 [main] demo.training.log.LogGenerator - Slow response detected|action=CREATE USER|user=María López|duration=3.754s
INFO 2025-11-16 10:38:48 [main] demo.training.log.LogGenerator - LOGIN|100|Marta Castillo|70.148.2.202|48.886462|2.395724
DEBUG 2025-11-16 10:38:48 [main] demo.training.log.LogGenerator - Creating Login Trace
DEBUG 2025-11-16 10:38:48 [main] demo.training.log.LogGenerator - Creating Performance Trace
INFO 2025-11-16 10:38:48 [main] demo.training.log.LogGenerator - PERFORMANCE|7.482|CREATE USER|SUCCESS|Ana García|51.581397|-0.223151
WARN 2025-11-16 10:38:48 [main] demo.training.log.LogGenerator - Slow response detected|action=SEND EMAIL|user=Javier Rodríguez|duration=3.801s
DEBUG 2025-11-16 10:38:48 [main] demo.training.log.LogGenerator - Refreshing user session
INFO 2025-11-16 10:38:48 [main] demo.training.log.LogGenerator - LOGIN|202|Patricia Morales|176.206.209.83|41.357404|2.189579
DEBUG 2025-11-16 10:38:48 [main] demo.training.log.LogGenerator - Refreshing user session
WARN 2025-11-16 10:38:48 [main] demo.training.log.LogGenerator - Slow response detected|action=SEND EMAIL|user=Diego Navarro|duration=6.205s
WARN 2025-11-16 10:38:48 [main] demo.training.log.LogGenerator - Slow response detected|action=SEND EMAIL|user=Laura Gómez|duration=7.732s
DEBUG 2025-11-16 10:38:48 [main] demo.training.log.LogGenerator - Creating Performance Trace
DEBUG 2025-11-16 10:38:48 [main] demo.training.log.LogGenerator - Health check OK
INFO 2025-11-16 10:38:48 [main] demo.training.log.LogGenerator - LOGIN|204|Marta Castillo|142.193.190.213|52.483503|13.408388
WARN 2025-11-16 10:38:48 [main] demo.training.log.LogGenerator - Slow response detected|action=CREATE USER|user=Silvia Calderón|duration=5.762s
DEBUG 2025-11-16 10:38:48 [main] demo.training.log.LogGenerator - Reading configuration from cache
INFO 2025-11-16 10:38:48 [main] demo.training.log.LogGenerator - PERFORMANCE|3.614|CREATE USER|FAILURE|Ana García|48.839284|2.296248
DEBUG 2025-11-16 10:38:48 [main] demo.training.log.LogGenerator - Health check OK
INFO 2025-11-16 10:38:48 [main] demo.training.log.LogGenerator - LOGIN|404|Luis Fernández|222.30.188.192|51.534982|-0.119980
DEBUG 2025-11-16 10:38:48 [main] demo.training.log.LogGenerator - Creating Login Trace
DEBUG 2025-11-16 10:38:48 [main] demo.training.log.LogGenerator - Creating Performance Trace
DEBUG 2025-11-16 10:38:48 [main] demo.training.log.LogGenerator - Refreshing user session
DEBUG 2025-11-16 10:38:48 [main] demo.training.log.LogGenerator - Creating Performance Trace
INFO 2025-11-16 10:38:48 [main] demo.training.log.LogGenerator - LOGIN|500|Beatriz Ortega|64.104.200.49|40.416024|-3.643634
DEBUG 2025-11-16 10:38:48 [main] demo.training.log.LogGenerator - Refreshing user session
INFO 2025-11-16 10:38:48 [main] demo.training.log.LogGenerator - LOGIN|404|Laura Gómez|124.109.120.142|40.406413|-3.682184
INFO 2025-11-16 10:38:48 [main] demo.training.log.LogGenerator - PERFORMANCE|0.850|CREATE USER|SUCCESS|María López|51.586099|-0.181927
DEBUG 2025-11-16 10:38:48 [main] demo.training.log.LogGenerator - Creating Performance Trace
DEBUG 2025-11-16 10:38:48 [main] demo.training.log.LogGenerator - Creating Performance Trace
INFO 2025-11-16 10:38:48 [main] demo.training.log.LogGenerator - LOGIN|204|María López|102.83.70.22|41.323121|2.238633
INFO 2025-11-16 10:38:48 [main] demo.training.log.LogGenerator - LOGIN|100|Alberto Domínguez|163.231.146.43|51.541154|-0.045974
INFO 2025-11-16 10:38:48 [main] demo.training.log.LogGenerator - LOGIN|404|Raquel Núñez|95.184.224.203|51.557483|-0.062094
DEBUG 2025-11-16 10:38:48 [main] demo.training.log.LogGenerator - Reading configuration from cache
INFO 2025-11-16 10:38:48 [main] demo.training.log.LogGenerator - LOGIN|204|Javier Rodríguez|105.70.147.80|40.422914|-3.777426
WARN 2025-11-16 10:38:48 [main] demo.training.log.LogGenerator - Slow response detected|action=LOGIN|user=Carlos Sánchez|duration=5.701s
DEBUG 2025-11-16 10:38:48 [main] demo.training.log.LogGenerator - Health check OK
INFO 2025-11-16 10:38:48 [main] demo.training.log.LogGenerator - LOGIN|201|Ignacio Rubio|0.97.182.180|41.460689|2.096644
INFO 2025-11-16 10:38:48 [main] demo.training.log.LogGenerator - PERFORMANCE|5.317|LOGIN|FAILURE|Rubén Herrera|51.575737|-0.039149
WARN 2025-11-16 10:38:48 [main] demo.training.log.LogGenerator - Slow response detected|action=EXPORT DATA|user=Silvia Calderón|duration=5.962s
ERROR 2025-11-16 10:38:48 [main] demo.training.log.LogGenerator - Document not found|
java.lang.RuntimeException: Document not found
	at com.ainedit.loggenerator.LogGenerator.writeErrorTraceWithStack(LogGenerator.java:225)
	at com.ainedit.loggenerator.LogGenerator.generateRandomEvent(LogGenerator.java:141)
	at com.ainedit.loggenerator.LogGenerator.main(LogGenerator.java:108)
DEBUG 2025-11-16 10:38:48 [main] demo.training.log.LogGenerator - Creating Login Trace
INFO 2025-11-16 10:38:48 [main] demo.training.log.LogGenerator - LOGIN|204|Cristina Alonso|100.17.23.115|51.457803|-0.039063
INFO 2025-11-16 10:38:48 [main] demo.training.log.LogGenerator - PERFORMANCE|5.866|DOWNLOAD DOCUMENT|FAILURE|Diego Navarro|40.355804|-3.754757
INFO 2025-11-16 10:38:48 [main] demo.training.log.LogGenerator - PERFORMANCE|0.694|DELETE USER|SUCCESS|Raquel Núñez|51.479455|-0.143116
INFO 2025-11-16 10:38:48 [main] demo.training.log.LogGenerator - PERFORMANCE|0.631|DOWNLOAD DOCUMENT|SUCCESS|Luis Fernández|52.534029|13.331999
WARN 2025-11-16 10:38:48 [main] demo.training.log.LogGenerator - Slow response detected|action=CREATE USER|user=Marta Castillo|duration=6.505s
INFO 2025-11-16 10:38:48 [main] demo.training.log.LogGenerator - LOGIN|201|Diego Navarro|165.113.248.231|52.599717|13.467723
DEBUG 2025-11-16 10:38:48 [main] demo.training.log.LogGenerator - Creating Performance Trace
INFO 2025-11-16 10:38:48 [main] demo.training.log.LogGenerator - PERFORMANCE|0.885|DELETE USER|FAILURE|Beatriz Ortega|48.768798|2.406343
INFO 2025-11-16 10:38:48 [main] demo.training.log.LogGenerator - LOGIN|100|Sergio Romero|46.132.87.173|40.395769|-3.682331
INFO 2025-11-16 10:38:48 [main] demo.training.log.LogGenerator - LOGIN|404|Beatriz Ortega|223.98.79.183|48.877223|2.396330
ERROR 2025-11-16 10:38:48 [main] demo.training.log.LogGenerator - Invalid credentials. User will be flagged as inactive|
java.lang.RuntimeException: Invalid credentials. User will be flagged as inactive
	at com.ainedit.loggenerator.LogGenerator.writeErrorTraceWithStack(LogGenerator.java:225)
	at com.ainedit.loggenerator.LogGenerator.generateRandomEvent(LogGenerator.java:141)
	at com.ainedit.loggenerator.LogGenerator.main(LogGenerator.java:108)
WARN 2025-11-16 10:38:48 [main] demo.training.log.LogGenerator - Slow response detected|action=LOGIN|user=Luis Fernández|duration=3.826s
DEBUG 2025-11-16 10:38:48 [main] demo.training.log.LogGenerator - Reading configuration from cache
INFO 2025-11-16 10:38:48 [main] demo.training.log.LogGenerator - LOGIN|404|Cristina Alonso|227.208.122.105|40.453645|-3.733731
DEBUG 2025-11-16 10:38:48 [main] demo.training.log.LogGenerator - Creating Login Trace
INFO 2025-11-16 10:38:48 [main] demo.training.log.LogGenerator - PERFORMANCE|3.521|CREATE USER|SUCCESS|Pablo Ibáñez|40.433001|-3.751517
DEBUG 2025-11-16 10:38:48 [main] demo.training.log.LogGenerator - Reading configuration from cache
INFO 2025-11-16 10:38:48 [main] demo.training.log.LogGenerator - PERFORMANCE|1.129|CREATE USER|SUCCESS|Diego Navarro|48.950378|2.301827
INFO 2025-11-16 10:38:48 [main] demo.training.log.LogGenerator - LOGIN|150|Luis Fernández|39.255.227.23|41.430857|2.268003
INFO 2025-11-16 10:38:48 [main] demo.training.log.LogGenerator - PERFORMANCE|4.916|DELETE USER|SUCCESS|Pablo Ibáñez|41.450833|2.254955
DEBUG 2025-11-16 10:38:48 [main] demo.training.log.LogGenerator - Creating Performance Trace
INFO 2025-11-16 10:38:48 [main] demo.training.log.LogGenerator - PERFORMANCE|4.846|DOWNLOAD DOCUMENT|FAILURE|Ignacio Rubio|51.458040|-0.211787
ERROR 2025-11-16 10:38:48 [main] demo.training.log.LogGenerator - Form can not be validated due to some database issue|
java.lang.RuntimeException: Form can not be validated due to some database issue
	at com.ainedit.loggenerator.LogGenerator.writeErrorTraceWithStack(LogGenerator.java:225)
	at com.ainedit.loggenerator.LogGenerator.generateRandomEvent(LogGenerator.java:141)
	at com.ainedit.loggenerator.LogGenerator.main(LogGenerator.java:108)
WARN 2025-11-16 10:38:48 [main] demo.training.log.LogGenerator - Slow response detected|action=EXPORT DATA|user=Sergio Romero|duration=7.634s
INFO 2025-11-16 10:38:48 [main] demo.training.log.LogGenerator - PERFORMANCE|3.521|CREATE USER|FAILURE|Beatriz Ortega|41.342699|2.079122
DEBUG 2025-11-16 10:38:48 [main] demo.training.log.LogGenerator - Health check OK
INFO 2025-11-16 10:38:48 [main] demo.training.log.LogGenerator - LOGIN|201|Laura Gómez|111.88.1.96|48.789636|2.367112
INFO 2025-11-16 10:38:48 [main] demo.training.log.LogGenerator - LOGIN|202|Ana García|188.147.157.164|51.521526|-0.172238
DEBUG 2025-11-16 10:38:48 [main] demo.training.log.LogGenerator - Creating Performance Trace
INFO 2025-11-16 10:38:48 [main] demo.training.log.LogGenerator - LOGIN|400|Rubén Herrera|101.191.242.66|52.606983|13.418475
ERROR 2025-11-16 10:38:48 [main] demo.training.log.LogGenerator - Error connecting to database|
java.lang.RuntimeException: Error connecting to database
	at com.ainedit.loggenerator.LogGenerator.writeErrorTraceWithStack(LogGenerator.java:225)
	at com.ainedit.loggenerator.LogGenerator.generateRandomEvent(LogGenerator.java:141)
	at com.ainedit.loggenerator.LogGenerator.main(LogGenerator.java:108)
WARN 2025-11-16 10:38:48 [main] demo.training.log.LogGenerator - Slow response detected|action=CREATE USER|user=Javier Rodríguez|duration=5.597s
DEBUG 2025-11-16 10:38:48 [main] demo.training.log.LogGenerator - Reading configuration from cache
DEBUG 2025-11-16 10:38:48 [main] demo.training.log.LogGenerator - Creating Login Trace
DEBUG 2025-11-16 10:38:48 [main] demo.training.log.LogGenerator - Reading configuration from cache
INFO 2025-11-16 10:38:48 [main] demo.training.log.LogGenerator - PERFORMANCE|5.478|DOWNLOAD DOCUMENT|SUCCESS|María López|52.487057|13.327960
INFO 2025-11-16 10:38:48 [main] demo.training.log.LogGenerator - PERFORMANCE|0.575|LOGIN|SUCCESS|Elena Martínez|48.927888|2.354163
INFO 2025-11-16 10:38:48 [main] demo.training.log.LogGenerator - PERFORMANCE|5.008|SEND EMAIL|FAILURE|Patricia Morales|41.311644|2.169222
DEBUG 2025-11-16 10:38:48 [main] demo.training.log.LogGenerator - Health check OK
WARN 2025-11-16 10:38:48 [main] demo.training.log.LogGenerator - Slow response detected|action=DELETE USER|user=Marta Castillo|duration=7.741s
DEBUG 2025-11-16 10:38:48 [main] demo.training.log.LogGenerator - Creating Performance Trace
DEBUG 2025-11-16 10:38:48 [main] demo.training.log.LogGenerator - Reading configuration from cache
WARN 2025-11-16 10:38:48 [main] demo.training.log.LogGenerator - Slow response detected|action=DOWNLOAD DOCUMENT|user=Silvia Calderón|duration=3.385s
DEBUG 2025-11-16 10:38:48 [main] demo.training.log.LogGenerator - Creating Login Trace
INFO 2025-11-16 10:38:48 [main] demo.training.log.LogGenerator - PERFORMANCE|4.417|SEND EMAIL|FAILURE|Silvia Calderón|41.294848|2.135646
INFO 2025-11-16 10:38:48 [main] demo.training.log.LogGenerator - PERFORMANCE|6.390|EXPORT DATA|SUCCESS|Pablo Ibáñez|51.587285|-0.135837
ERROR 2025-11-16 10:38:48 [main] demo.training.log.LogGenerator - User can not be null. Can not fetch information from the database|
java.lang.RuntimeException: User can not be null. Can not fetch information from the database
	at com.ainedit.loggenerator.LogGenerator.writeErrorTraceWithStack(LogGenerator.java:225)
	at com.ainedit.loggenerator.LogGenerator.generateRandomEvent(LogGenerator.java:141)
	at com.ainedit.loggenerator.LogGenerator.main(LogGenerator.java:108)
DEBUG 2025-11-16 10:38:48 [main] demo.training.log.LogGenerator - Refreshing user session
DEBUG 2025-11-16 10:38:48 [main] demo.training.log.LogGenerator - Creating Performance Trace
INFO 2025-11-16 10:38:48 [main] demo.training.log.LogGenerator - PERFORMANCE|1.260|CREATE USER|SUCCESS|Raquel Núñez|40.324391|-3.641992
DEBUG 2025-11-16 10:38:48 [main] demo.training.log.LogGenerator - Reading configuration from cache
DEBUG 2025-11-16 10:38:48 [main] demo.training.log.LogGenerator - Refreshing user session
INFO 2025-11-16 10:38:48 [main] demo.training.log.LogGenerator - PERFORMANCE|6.274|DOWNLOAD DOCUMENT|SUCCESS|María López|41.360274|2.127733
INFO 2025-11-16 10:38:48 [main] demo.training.log.LogGenerator - LOGIN|201|Pablo Ibáñez|167.205.215.241|52.454834|13.315814
DEBUG 2025-11-16 10:38:48 [main] demo.training.log.LogGenerator - Health check OK
WARN 2025-11-16 10:38:48 [main] demo.training.log.LogGenerator - Slow response detected|action=DELETE USER|user=Alberto Domínguez|duration=3.487s
WARN 2025-11-16 10:38:48 [main] demo.training.log.LogGenerator - Slow response detected|action=DELETE USER|user=Elena Martínez|duration=4.022s
INFO 2025-11-16 10:38:48 [main] demo.training.log.LogGenerator - LOGIN|250|María López|253.103.153.34|52.573135|13.484037
DEBUG 2025-11-16 10:38:48 [main] demo.training.log.LogGenerator - Reading configuration from cache
INFO 2025-11-16 10:38:48 [main] demo.training.log.LogGenerator - LOGIN|100|Pablo Ibáñez|9.243.246.198|41.406645|2.210414
WARN 2025-11-16 10:38:48 [main] demo.training.log.LogGenerator - Slow response detected|action=SEND EMAIL|user=Elena Martínez|duration=7.085s
DEBUG 2025-11-16 10:38:48 [main] demo.training.log.LogGenerator - Creating Login Trace
INFO 2025-11-16 10:38:48 [main] demo.training.log.LogGenerator - LOGIN|250|Elena Martínez|28.133.129.221|41.425206|2.193567
DEBUG 2025-11-16 10:38:48 [main] demo.training.log.LogGenerator - Reading configuration from cache
ERROR 2025-11-16 10:38:48 [main] demo.training.log.LogGenerator - User can not be null. Can not fetch information from the database|
java.lang.RuntimeException: User can not be null. Can not fetch information from the database
	at com.ainedit.loggenerator.LogGenerator.writeErrorTraceWithStack(LogGenerator.java:225)
	at com.ainedit.loggenerator.LogGenerator.generateRandomEvent(LogGenerator.java:141)
	at com.ainedit.loggenerator.LogGenerator.main(LogGenerator.java:108)
DEBUG 2025-11-16 10:38:48 [main] demo.training.log.LogGenerator - Creating Performance Trace
WARN 2025-11-16 10:38:48 [main] demo.training.log.LogGenerator - Slow response detected|action=SEND EMAIL|user=Ana García|duration=7.977s
INFO 2025-11-16 10:38:48 [main] demo.training.log.LogGenerator - PERFORMANCE|0.453|LOGIN|SUCCESS|Rubén Herrera|48.818972|2.417762
ERROR 2025-11-16 10:38:48 [main] demo.training.log.LogGenerator - Error connecting to database|
java.lang.RuntimeException: Error connecting to database
	at com.ainedit.loggenerator.LogGenerator.writeErrorTraceWithStack(LogGenerator.java:225)
	at com.ainedit.loggenerator.LogGenerator.generateRandomEvent(LogGenerator.java:141)
	at com.ainedit.loggenerator.LogGenerator.main(LogGenerator.java:108)
INFO 2025-11-16 10:38:48 [main] demo.training.log.LogGenerator - PERFORMANCE|3.736|SEND EMAIL|SUCCESS|Ana García|52.501012|13.448661
INFO 2025-11-16 10:38:48 [main] demo.training.log.LogGenerator - PERFORMANCE|4.817|CREATE USER|FAILURE|Marta Castillo|48.802891|2.282496
DEBUG 2025-11-16 10:38:48 [main] demo.training.log.LogGenerator - Refreshing user session
ERROR 2025-11-16 10:38:48 [main] demo.training.log.LogGenerator - Invalid credentials. User will be flagged as inactive|
java.lang.RuntimeException: Invalid credentials. User will be flagged as inactive
	at com.ainedit.loggenerator.LogGenerator.writeErrorTraceWithStack(LogGenerator.java:225)
	at com.ainedit.loggenerator.LogGenerator.generateRandomEvent(LogGenerator.java:141)
	at com.ainedit.loggenerator.LogGenerator.main(LogGenerator.java:108)
INFO 2025-11-16 10:38:48 [main] demo.training.log.LogGenerator - LOGIN|150|Ignacio Rubio|233.49.169.224|51.420650|-0.047978
DEBUG 2025-11-16 10:38:48 [main] demo.training.log.LogGenerator - Creating Performance Trace
WARN 2025-11-16 10:38:48 [main] demo.training.log.LogGenerator - Slow response detected|action=DOWNLOAD DOCUMENT|user=Pablo Ibáñez|duration=5.189s
INFO 2025-11-16 10:38:48 [main] demo.training.log.LogGenerator - PERFORMANCE|3.054|DOWNLOAD DOCUMENT|FAILURE|Fernando Vega|51.527324|-0.163281
WARN 2025-11-16 10:38:48 [main] demo.training.log.LogGenerator - Slow response detected|action=DOWNLOAD DOCUMENT|user=Elena Martínez|duration=6.821s
INFO 2025-11-16 10:38:48 [main] demo.training.log.LogGenerator - LOGIN|400|Cristina Alonso|170.230.177.166|52.494804|13.381039
WARN 2025-11-16 10:38:48 [main] demo.training.log.LogGenerator - Slow response detected|action=CREATE USER|user=Patricia Morales|duration=7.424s
INFO 2025-11-16 10:38:48 [main] demo.training.log.LogGenerator - LOGIN|150|Luis Fernández|120.157.158.63|41.310672|2.099623
INFO 2025-11-16 10:38:48 [main] demo.training.log.LogGenerator - LOGIN|204|Marta Castillo|84.128.252.202|48.854146|2.311449
INFO 2025-11-16 10:38:48 [main] demo.training.log.LogGenerator - LOGIN|201|Rubén Herrera|21.252.82.13|41.364392|2.125947
INFO 2025-11-16 10:38:48 [main] demo.training.log.LogGenerator - LOGIN|150|Laura Gómez|12.53.246.4|52.425208|13.426083
DEBUG 2025-11-16 10:38:48 [main] demo.training.log.LogGenerator - Creating Performance Trace
INFO 2025-11-16 10:38:48 [main] demo.training.log.LogGenerator - LOGIN|201|Sergio Romero|104.238.136.91|51.558532|-0.071314
INFO 2025-11-16 10:38:48 [main] demo.training.log.LogGenerator - PERFORMANCE|7.117|EXPORT DATA|SUCCESS|Cristina Alonso|52.604621|13.456772
INFO 2025-11-16 10:38:48 [main] demo.training.log.LogGenerator - LOGIN|202|Diego Navarro|205.193.32.141|51.430239|-0.047952
DEBUG 2025-11-16 10:38:48 [main] demo.training.log.LogGenerator - Creating Login Trace
INFO 2025-11-16 10:38:48 [main] demo.training.log.LogGenerator - PERFORMANCE|5.633|CREATE USER|FAILURE|Ignacio Rubio|52.603883|13.343376
INFO 2025-11-16 10:38:48 [main] demo.training.log.LogGenerator - PERFORMANCE|4.786|DOWNLOAD DOCUMENT|FAILURE|Ignacio Rubio|52.567791|13.436566
INFO 2025-11-16 10:38:48 [main] demo.training.log.LogGenerator - PERFORMANCE|2.891|CREATE USER|FAILURE|Silvia Calderón|51.419289|-0.103291
DEBUG 2025-11-16 10:38:48 [main] demo.training.log.LogGenerator - Creating Performance Trace
INFO 2025-11-16 10:38:48 [main] demo.training.log.LogGenerator - PERFORMANCE|0.997|EXPORT DATA|SUCCESS|Diego Navarro|40.419872|-3.744939
DEBUG 2025-11-16 10:38:48 [main] demo.training.log.LogGenerator - Creating Performance Trace
INFO 2025-11-16 10:38:48 [main] demo.training.log.LogGenerator - LOGIN|204|Sergio Romero|168.174.149.182|41.421083|2.087431
WARN 2025-11-16 10:38:48 [main] demo.training.log.LogGenerator - Slow response detected|action=LOGIN|user=Cristina Alonso|duration=7.978s
WARN 2025-11-16 10:38:48 [main] demo.training.log.LogGenerator - Slow response detected|action=CREATE USER|user=Patricia Morales|duration=3.212s
INFO 2025-11-16 10:38:48 [main] demo.training.log.LogGenerator - PERFORMANCE|7.094|DOWNLOAD DOCUMENT|SUCCESS|Ana García|51.515354|-0.169856
INFO 2025-11-16 10:38:48 [main] demo.training.log.LogGenerator - LOGIN|200|Raquel Núñez|51.88.76.96|48.869186|2.300741
WARN 2025-11-16 10:38:48 [main] demo.training.log.LogGenerator - Slow response detected|action=DOWNLOAD DOCUMENT|user=Marta Castillo|duration=4.380s
DEBUG 2025-11-16 10:38:48 [main] demo.training.log.LogGenerator - Health check OK
INFO 2025-11-16 10:38:48 [main] demo.training.log.LogGenerator - LOGIN|250|Beatriz Ortega|66.65.125.249|41.383080|2.171082
ERROR 2025-11-16 10:38:48 [main] demo.training.log.LogGenerator - Email error: can not connect to SMTP Server|
java.lang.RuntimeException: Email error: can not connect to SMTP Server
	at com.ainedit.loggenerator.LogGenerator.writeErrorTraceWithStack(LogGenerator.java:225)
	at com.ainedit.loggenerator.LogGenerator.generateRandomEvent(LogGenerator.java:141)
	at com.ainedit.loggenerator.LogGenerator.main(LogGenerator.java:108)
INFO 2025-11-16 10:38:48 [main] demo.training.log.LogGenerator - PERFORMANCE|3.281|DOWNLOAD DOCUMENT|SUCCESS|María López|48.774965|2.392698
DEBUG 2025-11-16 10:38:48 [main] demo.training.log.LogGenerator - Creating Login Trace
ERROR 2025-11-16 10:38:48 [main] demo.training.log.LogGenerator - User not found|
java.lang.RuntimeException: User not found
	at com.ainedit.loggenerator.LogGenerator.writeErrorTraceWithStack(LogGenerator.java:225)
	at com.ainedit.loggenerator.LogGenerator.generateRandomEvent(LogGenerator.java:141)
	at com.ainedit.loggenerator.LogGenerator.main(LogGenerator.java:108)
INFO 2025-11-16 10:38:48 [main] demo.training.log.LogGenerator - LOGIN|200|Silvia Calderón|61.129.137.252|48.852236|2.347221
INFO 2025-11-16 10:38:48 [main] demo.training.log.LogGenerator - PERFORMANCE|0.272|SEND EMAIL|SUCCESS|Ana García|40.386327|-3.607918
WARN 2025-11-16 10:38:48 [main] demo.training.log.LogGenerator - Slow response detected|action=CREATE USER|user=María López|duration=5.621s
DEBUG 2025-11-16 10:38:48 [main] demo.training.log.LogGenerator - Reading configuration from cache
DEBUG 2025-11-16 10:38:48 [main] demo.training.log.LogGenerator - Creating Performance Trace
INFO 2025-11-16 10:38:48 [main] demo.training.log.LogGenerator - PERFORMANCE|3.102|LOGIN|SUCCESS|Patricia Morales|40.400334|-3.703307
ERROR 2025-11-16 10:38:48 [main] demo.training.log.LogGenerator - User not found|
java.lang.RuntimeException: User not found
	at com.ainedit.loggenerator.LogGenerator.writeErrorTraceWithStack(LogGenerator.java:225)
	at com.ainedit.loggenerator.LogGenerator.generateRandomEvent(LogGenerator.java:141)
	at com.ainedit.loggenerator.LogGenerator.main(LogGenerator.java:108)
DEBUG 2025-11-16 10:38:48 [main] demo.training.log.LogGenerator - Refreshing user session
INFO 2025-11-16 10:38:48 [main] demo.training.log.LogGenerator - LOGIN|202|Alberto Domínguez|87.98.204.144|48.905570|2.266407
DEBUG 2025-11-16 10:38:48 [main] demo.training.log.LogGenerator - Refreshing user session
DEBUG 2025-11-16 10:38:48 [main] demo.training.log.LogGenerator - Health check OK
INFO 2025-11-16 10:38:48 [main] demo.training.log.LogGenerator - PERFORMANCE|7.491|EXPORT DATA|FAILURE|Ignacio Rubio|48.768624|2.391415
INFO 2025-11-16 10:38:48 [main] demo.training.log.LogGenerator - LOGIN|400|Silvia Calderón|84.148.179.181|41.390475|2.089014
INFO 2025-11-16 10:38:48 [main] demo.training.log.LogGenerator - LOGIN|204|Raquel Núñez|50.18.70.17|48.904758|2.330253
INFO 2025-11-16 10:38:48 [main] demo.training.log.LogGenerator - LOGIN|404|Laura Gómez|29.17.125.212|51.513550|-0.038539
DEBUG 2025-11-16 10:38:48 [main] demo.training.log.LogGenerator - Reading configuration from cache
DEBUG 2025-11-16 10:38:48 [main] demo.training.log.LogGenerator - Creating Performance Trace
INFO 2025-11-16 10:38:48 [main] demo.training.log.LogGenerator - LOGIN|202|Ignacio Rubio|215.7.146.228|41.298764|2.129068
INFO 2025-11-16 10:38:48 [main] demo.training.log.LogGenerator - LOGIN|204|Sergio Romero|115.12.42.56|41.397993|2.240791
DEBUG 2025-11-16 10:38:48 [main] demo.training.log.LogGenerator - Creating Performance Trace
DEBUG 2025-11-16 10:38:48 [main] demo.training.log.LogGenerator - Reading configuration from cache
DEBUG 2025-11-16 10:38:48 [main] demo.training.log.LogGenerator - Refreshing user session
WARN 2025-11-16 10:38:48 [main] demo.training.log.LogGenerator - Slow response detected|action=DELETE USER|user=Beatriz Ortega|duration=4.839s
INFO 2025-11-16 10:38:48 [main] demo.training.log.LogGenerator - LOGIN|404|Raquel Núñez|119.95.191.181|52.507127|13.416447
INFO 2025-11-16 10:38:48 [main] demo.training.log.LogGenerator - LOGIN|404|Elena Martínez|112.170.155.68|41.454990|2.134046
DEBUG 2025-11-16 10:38:48 [main] demo.training.log.LogGenerator - Health check OK
DEBUG 2025-11-16 10:38:48 [main] demo.training.log.LogGenerator - Creating Performance Trace
DEBUG 2025-11-16 10:38:48 [main] demo.training.log.LogGenerator - Refreshing user session
WARN 2025-11-16 10:38:48 [main] demo.training.log.LogGenerator - Slow response detected|action=DOWNLOAD DOCUMENT|user=Silvia Calderón|duration=3.624s
WARN 2025-11-16 10:38:48 [main] demo.training.log.LogGenerator - Slow response detected|action=LOGIN|user=Ana García|duration=6.862s
DEBUG 2025-11-16 10:38:48 [main] demo.training.log.LogGenerator - Creating Performance Trace
DEBUG 2025-11-16 10:38:48 [main] demo.training.log.LogGenerator - Refreshing user session
WARN 2025-11-16 10:38:48 [main] demo.training.log.LogGenerator - Slow response detected|action=DOWNLOAD DOCUMENT|user=Elena Martínez|duration=3.283s
ERROR 2025-11-16 10:38:48 [main] demo.training.log.LogGenerator - Email error: can not connect to SMTP Server|
java.lang.RuntimeException: Email error: can not connect to SMTP Server
	at com.ainedit.loggenerator.LogGenerator.writeErrorTraceWithStack(LogGenerator.java:225)
	at com.ainedit.loggenerator.LogGenerator.generateRandomEvent(LogGenerator.java:141)
	at com.ainedit.loggenerator.LogGenerator.main(LogGenerator.java:108)
ERROR 2025-11-16 10:38:48 [main] demo.training.log.LogGenerator - Error connecting to database|
java.lang.RuntimeException: Error connecting to database
	at com.ainedit.loggenerator.LogGenerator.writeErrorTraceWithStack(LogGenerator.java:225)
	at com.ainedit.loggenerator.LogGenerator.generateRandomEvent(LogGenerator.java:141)
	at com.ainedit.loggenerator.LogGenerator.main(LogGenerator.java:108)
INFO 2025-11-16 10:38:48 [main] demo.training.log.LogGenerator - LOGIN|100|Cristina Alonso|167.166.188.174|51.470211|-0.210736
DEBUG 2025-11-16 10:38:48 [main] demo.training.log.LogGenerator - Reading configuration from cache
DEBUG 2025-11-16 10:38:48 [main] demo.training.log.LogGenerator - Creating Performance Trace
DEBUG 2025-11-16 10:38:48 [main] demo.training.log.LogGenerator - Health check OK
INFO 2025-11-16 10:38:48 [main] demo.training.log.LogGenerator - PERFORMANCE|6.979|EXPORT DATA|FAILURE|Pablo Ibáñez|40.410181|-3.618599
INFO 2025-11-16 10:38:48 [main] demo.training.log.LogGenerator - PERFORMANCE|1.091|SEND EMAIL|SUCCESS|María López|52.596501|13.429877
ERROR 2025-11-16 10:38:48 [main] demo.training.log.LogGenerator - Number expected|
java.lang.RuntimeException: Number expected
	at com.ainedit.loggenerator.LogGenerator.writeErrorTraceWithStack(LogGenerator.java:225)
	at com.ainedit.loggenerator.LogGenerator.generateRandomEvent(LogGenerator.java:141)
	at com.ainedit.loggenerator.LogGenerator.main(LogGenerator.java:108)
DEBUG 2025-11-16 10:38:48 [main] demo.training.log.LogGenerator - Health check OK
INFO 2025-11-16 10:38:48 [main] demo.training.log.LogGenerator - PERFORMANCE|6.929|DELETE USER|SUCCESS|Alberto Domínguez|40.461325|-3.711458
INFO 2025-11-16 10:38:48 [main] demo.training.log.LogGenerator - PERFORMANCE|3.841|CREATE USER|FAILURE|Raquel Núñez|48.832964|2.383880
INFO 2025-11-16 10:38:48 [main] demo.training.log.LogGenerator - LOGIN|500|Alberto Domínguez|14.156.161.172|52.485402|13.476913
DEBUG 2025-11-16 10:38:48 [main] demo.training.log.LogGenerator - Creating Login Trace
INFO 2025-11-16 10:38:48 [main] demo.training.log.LogGenerator - PERFORMANCE|3.004|CREATE USER|FAILURE|Diego Navarro|52.520479|13.378341
DEBUG 2025-11-16 10:38:48 [main] demo.training.log.LogGenerator - Health check OK
DEBUG 2025-11-16 10:38:48 [main] demo.training.log.LogGenerator - Refreshing user session
ERROR 2025-11-16 10:38:48 [main] demo.training.log.LogGenerator - Document not found|
java.lang.RuntimeException: Document not found
	at com.ainedit.loggenerator.LogGenerator.writeErrorTraceWithStack(LogGenerator.java:225)
	at com.ainedit.loggenerator.LogGenerator.generateRandomEvent(LogGenerator.java:141)
	at com.ainedit.loggenerator.LogGenerator.main(LogGenerator.java:108)
ERROR 2025-11-16 10:38:48 [main] demo.training.log.LogGenerator - Invalid credentials. User will be flagged as inactive|
java.lang.RuntimeException: Invalid credentials. User will be flagged as inactive
	at com.ainedit.loggenerator.LogGenerator.writeErrorTraceWithStack(LogGenerator.java:225)
	at com.ainedit.loggenerator.LogGenerator.generateRandomEvent(LogGenerator.java:141)
	at com.ainedit.loggenerator.LogGenerator.main(LogGenerator.java:108)
INFO 2025-11-16 10:38:48 [main] demo.training.log.LogGenerator - PERFORMANCE|6.241|SEND EMAIL|FAILURE|Beatriz Ortega|51.519859|-0.090994
DEBUG 2025-11-16 10:38:48 [main] demo.training.log.LogGenerator - Creating Login Trace
DEBUG 2025-11-16 10:38:48 [main] demo.training.log.LogGenerator - Creating Login Trace
INFO 2025-11-16 10:38:48 [main] demo.training.log.LogGenerator - LOGIN|500|Beatriz Ortega|91.58.91.146|52.589606|13.436811
DEBUG 2025-11-16 10:38:48 [main] demo.training.log.LogGenerator - Reading configuration from cache
DEBUG 2025-11-16 10:38:48 [main] demo.training.log.LogGenerator - Refreshing user session
INFO 2025-11-16 10:38:48 [main] demo.training.log.LogGenerator - PERFORMANCE|7.926|DELETE USER|SUCCESS|Fernando Vega|51.577058|-0.146930
INFO 2025-11-16 10:38:48 [main] demo.training.log.LogGenerator - LOGIN|200|Elena Martínez|79.88.202.195|40.345632|-3.646168
INFO 2025-11-16 10:38:48 [main] demo.training.log.LogGenerator - PERFORMANCE|1.694|CREATE USER|SUCCESS|Marta Castillo|48.946494|2.271776
WARN 2025-11-16 10:38:48 [main] demo.training.log.LogGenerator - Slow response detected|action=SEND EMAIL|user=Sergio Romero|duration=7.232s
INFO 2025-11-16 10:38:48 [main] demo.training.log.LogGenerator - LOGIN|400|Fernando Vega|186.108.2.240|41.372329|2.119125
DEBUG 2025-11-16 10:38:48 [main] demo.training.log.LogGenerator - Reading configuration from cache
INFO 2025-11-16 10:38:48 [main] demo.training.log.LogGenerator - PERFORMANCE|3.551|EXPORT DATA|SUCCESS|María López|40.449925|-3.727795
DEBUG 2025-11-16 10:38:48 [main] demo.training.log.LogGenerator - Health check OK
INFO 2025-11-16 10:38:48 [main] demo.training.log.LogGenerator - PERFORMANCE|1.358|DELETE USER|SUCCESS|Ana García|41.355400|2.098636
WARN 2025-11-16 10:38:48 [main] demo.training.log.LogGenerator - Slow response detected|action=DOWNLOAD DOCUMENT|user=Laura Gómez|duration=5.817s
DEBUG 2025-11-16 10:38:48 [main] demo.training.log.LogGenerator - Creating Login Trace
INFO 2025-11-16 10:38:48 [main] demo.training.log.LogGenerator - LOGIN|204|Javier Rodríguez|125.77.111.140|41.446992|2.215810
INFO 2025-11-16 10:38:48 [main] demo.training.log.LogGenerator - LOGIN|204|Elena Martínez|70.114.159.248|51.602241|-0.153489
ERROR 2025-11-16 10:38:48 [main] demo.training.log.LogGenerator - Document not found|
java.lang.RuntimeException: Document not found
	at com.ainedit.loggenerator.LogGenerator.writeErrorTraceWithStack(LogGenerator.java:225)
	at com.ainedit.loggenerator.LogGenerator.generateRandomEvent(LogGenerator.java:141)
	at com.ainedit.loggenerator.LogGenerator.main(LogGenerator.java:108)
INFO 2025-11-16 10:38:48 [main] demo.training.log.LogGenerator - LOGIN|202|Marta Castillo|161.37.132.236|51.553066|-0.106482
WARN 2025-11-16 10:38:48 [main] demo.training.log.LogGenerator - Slow response detected|action=DELETE USER|user=Patricia Morales|duration=5.960s
WARN 2025-11-16 10:38:48 [main] demo.training.log.LogGenerator - Slow response detected|action=DOWNLOAD DOCUMENT|user=Silvia Calderón|duration=5.790s
DEBUG 2025-11-16 10:38:48 [main] demo.training.log.LogGenerator - Reading configuration from cache
INFO 2025-11-16 10:38:48 [main] demo.training.log.LogGenerator - LOGIN|150|Pablo Ibáñez|78.83.185.203|48.832916|2.442261
INFO 2025-11-16 10:38:48 [main] demo.training.log.LogGenerator - LOGIN|250|Beatriz Ortega|216.65.228.101|52.588089|13.372927
DEBUG 2025-11-16 10:38:48 [main] demo.training.log.LogGenerator - Creating Performance Trace
WARN 2025-11-16 10:38:48 [main] demo.training.log.LogGenerator - Slow response detected|action=CREATE USER|user=Carlos Sánchez|duration=5.637s
INFO 2025-11-16 10:38:48 [main] demo.training.log.LogGenerator - LOGIN|500|Raquel Núñez|75.16.122.60|41.301836|2.169147
INFO 2025-11-16 10:38:48 [main] demo.training.log.LogGenerator - LOGIN|400|María López|149.191.127.229|48.836686|2.442955
WARN 2025-11-16 10:38:48 [main] demo.training.log.LogGenerator - Slow response detected|action=LOGIN|user=Alberto Domínguez|duration=5.229s
DEBUG 2025-11-16 10:38:48 [main] demo.training.log.LogGenerator - Refreshing user session
DEBUG 2025-11-16 10:38:48 [main] demo.training.log.LogGenerator - Reading configuration from cache
INFO 2025-11-16 10:38:48 [main] demo.training.log.LogGenerator - PERFORMANCE|0.914|DELETE USER|SUCCESS|Carlos Sánchez|41.394516|2.223447
INFO 2025-11-16 10:38:48 [main] demo.training.log.LogGenerator - LOGIN|201|Ana García|134.242.219.71|51.521094|-0.062313
DEBUG 2025-11-16 10:38:48 [main] demo.training.log.LogGenerator - Reading configuration from cache
INFO 2025-11-16 10:38:48 [main] demo.training.log.LogGenerator - LOGIN|400|Diego Navarro|91.4.227.121|48.758399|2.312732
DEBUG 2025-11-16 10:38:48 [main] demo.training.log.LogGenerator - Creating Login Trace
DEBUG 2025-11-16 10:38:48 [main] demo.training.log.LogGenerator - Creating Login Trace
WARN 2025-11-16 10:38:48 [main] demo.training.log.LogGenerator - Slow response detected|action=CREATE USER|user=Elena Martínez|duration=5.888s
INFO 2025-11-16 10:38:48 [main] demo.training.log.LogGenerator - LOGIN|400|Marta Castillo|33.173.19.110|51.425457|-0.190978
INFO 2025-11-16 10:38:48 [main] demo.training.log.LogGenerator - PERFORMANCE|1.682|DOWNLOAD DOCUMENT|SUCCESS|Carlos Sánchez|52.551256|13.421059
INFO 2025-11-16 10:38:48 [main] demo.training.log.LogGenerator - LOGIN|204|Diego Navarro|252.3.45.254|51.445991|-0.078705
INFO 2025-11-16 10:38:48 [main] demo.training.log.LogGenerator - PERFORMANCE|2.501|LOGIN|SUCCESS|Diego Navarro|40.446495|-3.698737
INFO 2025-11-16 10:38:48 [main] demo.training.log.LogGenerator - PERFORMANCE|7.573|SEND EMAIL|FAILURE|María López|41.393737|2.124908
INFO 2025-11-16 10:38:48 [main] demo.training.log.LogGenerator - PERFORMANCE|7.531|EXPORT DATA|FAILURE|Ignacio Rubio|48.799536|2.412827
INFO 2025-11-16 10:38:48 [main] demo.training.log.LogGenerator - PERFORMANCE|1.119|DELETE USER|SUCCESS|Rubén Herrera|40.371719|-3.625247
WARN 2025-11-16 10:38:48 [main] demo.training.log.LogGenerator - Slow response detected|action=DOWNLOAD DOCUMENT|user=Patricia Morales|duration=3.660s
DEBUG 2025-11-16 10:38:48 [main] demo.training.log.LogGenerator - Creating Performance Trace
INFO 2025-11-16 10:38:48 [main] demo.training.log.LogGenerator - PERFORMANCE|2.341|SEND EMAIL|FAILURE|Alberto Domínguez|51.454097|-0.120488
ERROR 2025-11-16 10:38:48 [main] demo.training.log.LogGenerator - Document not found|
java.lang.RuntimeException: Document not found
	at com.ainedit.loggenerator.LogGenerator.writeErrorTraceWithStack(LogGenerator.java:225)
	at com.ainedit.loggenerator.LogGenerator.generateRandomEvent(LogGenerator.java:141)
	at com.ainedit.loggenerator.LogGenerator.main(LogGenerator.java:108)
DEBUG 2025-11-16 10:38:48 [main] demo.training.log.LogGenerator - Creating Performance Trace
WARN 2025-11-16 10:38:48 [main] demo.training.log.LogGenerator - Slow response detected|action=SEND EMAIL|user=Raquel Núñez|duration=6.145s
DEBUG 2025-11-16 10:38:48 [main] demo.training.log.LogGenerator - Health check OK
INFO 2025-11-16 10:38:48 [main] demo.training.log.LogGenerator - LOGIN|201|Javier Rodríguez|8.153.94.127|41.403810|2.177068
DEBUG 2025-11-16 10:38:48 [main] demo.training.log.LogGenerator - Reading configuration from cache
INFO 2025-11-16 10:38:48 [main] demo.training.log.LogGenerator - PERFORMANCE|7.638|EXPORT DATA|FAILURE|Beatriz Ortega|41.403062|2.185105
DEBUG 2025-11-16 10:38:48 [main] demo.training.log.LogGenerator - Reading configuration from cache
INFO 2025-11-16 10:38:48 [main] demo.training.log.LogGenerator - LOGIN|204|Ana García|53.25.63.42|52.508060|13.337549
INFO 2025-11-16 10:38:48 [main] demo.training.log.LogGenerator - PERFORMANCE|1.873|DELETE USER|FAILURE|Luis Fernández|52.565093|13.453365
INFO 2025-11-16 10:38:48 [main] demo.training.log.LogGenerator - LOGIN|404|Carlos Sánchez|38.219.93.246|52.568278|13.354078
INFO 2025-11-16 10:38:48 [main] demo.training.log.LogGenerator - LOGIN|202|María López|97.201.238.40|52.562729|13.435631
INFO 2025-11-16 10:38:48 [main] demo.training.log.LogGenerator - PERFORMANCE|2.987|DOWNLOAD DOCUMENT|FAILURE|Patricia Morales|41.350142|2.100998
INFO 2025-11-16 10:38:48 [main] demo.training.log.LogGenerator - PERFORMANCE|4.147|DOWNLOAD DOCUMENT|FAILURE|Ignacio Rubio|51.455558|-0.176282
DEBUG 2025-11-16 10:38:48 [main] demo.training.log.LogGenerator - Reading configuration from cache
DEBUG 2025-11-16 10:38:48 [main] demo.training.log.LogGenerator - Health check OK
DEBUG 2025-11-16 10:38:48 [main] demo.training.log.LogGenerator - Reading configuration from cache
INFO 2025-11-16 10:38:48 [main] demo.training.log.LogGenerator - PERFORMANCE|7.804|LOGIN|SUCCESS|Sergio Romero|52.427939|13.416930
INFO 2025-11-16 10:38:48 [main] demo.training.log.LogGenerator - PERFORMANCE|2.892|CREATE USER|SUCCESS|Javier Rodríguez|51.600754|-0.087539
DEBUG 2025-11-16 10:38:48 [main] demo.training.log.LogGenerator - Creating Login Trace
DEBUG 2025-11-16 10:38:48 [main] demo.training.log.LogGenerator - Creating Performance Trace
DEBUG 2025-11-16 10:38:48 [main] demo.training.log.LogGenerator - Creating Login Trace
INFO 2025-11-16 10:38:48 [main] demo.training.log.LogGenerator - PERFORMANCE|0.163|SEND EMAIL|FAILURE|Ignacio Rubio|51.452664|-0.048745
DEBUG 2025-11-16 10:38:48 [main] demo.training.log.LogGenerator - Reading configuration from cache
DEBUG 2025-11-16 10:38:48 [main] demo.training.log.LogGenerator - Creating Performance Trace
INFO 2025-11-16 10:38:48 [main] demo.training.log.LogGenerator - LOGIN|201|Rubén Herrera|235.85.177.107|51.509436|-0.087133
WARN 2025-11-16 10:38:48 [main] demo.training.log.LogGenerator - Slow response detected|action=SEND EMAIL|user=Ana García|duration=7.522s
DEBUG 2025-11-16 10:38:48 [main] demo.training.log.LogGenerator - Creating Performance Trace
INFO 2025-11-16 10:38:48 [main] demo.training.log.LogGenerator - PERFORMANCE|1.197|LOGIN|FAILURE|Laura Gómez|41.297604|2.207957
DEBUG 2025-11-16 10:38:48 [main] demo.training.log.LogGenerator - Refreshing user session
INFO 2025-11-16 10:38:48 [main] demo.training.log.LogGenerator - LOGIN|202|Javier Rodríguez|115.123.177.164|52.420977|13.374598
DEBUG 2025-11-16 10:38:48 [main] demo.training.log.LogGenerator - Refreshing user session
INFO 2025-11-16 10:38:48 [main] demo.training.log.LogGenerator - PERFORMANCE|1.107|CREATE USER|SUCCESS|María López|52.513142|13.374303
WARN 2025-11-16 10:38:48 [main] demo.training.log.LogGenerator - Slow response detected|action=DELETE USER|user=Pablo Ibáñez|duration=5.303s
DEBUG 2025-11-16 10:38:48 [main] demo.training.log.LogGenerator - Reading configuration from cache
INFO 2025-11-16 10:38:48 [main] demo.training.log.LogGenerator - PERFORMANCE|7.544|DOWNLOAD DOCUMENT|SUCCESS|Luis Fernández|51.466671|-0.105031
WARN 2025-11-16 10:38:48 [main] demo.training.log.LogGenerator - Slow response detected|action=DELETE USER|user=Alberto Domínguez|duration=5.890s
INFO 2025-11-16 10:38:48 [main] demo.training.log.LogGenerator - PERFORMANCE|4.073|LOGIN|FAILURE|Patricia Morales|41.298793|2.215147
DEBUG 2025-11-16 10:38:48 [main] demo.training.log.LogGenerator - Health check OK
INFO 2025-11-16 10:38:48 [main] demo.training.log.LogGenerator - LOGIN|500|Rubén Herrera|13.155.109.116|52.456431|13.342877
DEBUG 2025-11-16 10:38:48 [main] demo.training.log.LogGenerator - Creating Login Trace
WARN 2025-11-16 10:38:48 [main] demo.training.log.LogGenerator - Slow response detected|action=SEND EMAIL|user=Silvia Calderón|duration=4.841s
INFO 2025-11-16 10:38:48 [main] demo.training.log.LogGenerator - PERFORMANCE|0.331|EXPORT DATA|FAILURE|Patricia Morales|52.459602|13.468536
INFO 2025-11-16 10:38:48 [main] demo.training.log.LogGenerator - PERFORMANCE|3.636|DOWNLOAD DOCUMENT|SUCCESS|Rubén Herrera|41.367971|2.217977
DEBUG 2025-11-16 10:38:48 [main] demo.training.log.LogGenerator - Creating Login Trace
ERROR 2025-11-16 10:38:48 [main] demo.training.log.LogGenerator - User not found|
java.lang.RuntimeException: User not found
	at com.ainedit.loggenerator.LogGenerator.writeErrorTraceWithStack(LogGenerator.java:225)
	at com.ainedit.loggenerator.LogGenerator.generateRandomEvent(LogGenerator.java:141)
	at com.ainedit.loggenerator.LogGenerator.main(LogGenerator.java:108)
INFO 2025-11-16 10:38:48 [main] demo.training.log.LogGenerator - LOGIN|500|Carlos Sánchez|29.212.219.109|40.501339|-3.655415
DEBUG 2025-11-16 10:38:48 [main] demo.training.log.LogGenerator - Creating Performance Trace
WARN 2025-11-16 10:38:48 [main] demo.training.log.LogGenerator - Slow response detected|action=CREATE USER|user=Marta Castillo|duration=6.514s
DEBUG 2025-11-16 10:38:48 [main] demo.training.log.LogGenerator - Creating Performance Trace
INFO 2025-11-16 10:38:48 [main] demo.training.log.LogGenerator - PERFORMANCE|3.466|DOWNLOAD DOCUMENT|SUCCESS|Cristina Alonso|41.449827|2.256021
INFO 2025-11-16 10:38:48 [main] demo.training.log.LogGenerator - PERFORMANCE|5.987|LOGIN|SUCCESS|Alberto Domínguez|51.588884|-0.042451
INFO 2025-11-16 10:38:48 [main] demo.training.log.LogGenerator - PERFORMANCE|4.287|DOWNLOAD DOCUMENT|FAILURE|Laura Gómez|48.901411|2.389921
DEBUG 2025-11-16 10:38:48 [main] demo.training.log.LogGenerator - Health check OK
INFO 2025-11-16 10:38:48 [main] demo.training.log.LogGenerator - PERFORMANCE|0.844|DOWNLOAD DOCUMENT|FAILURE|Ignacio Rubio|51.558355|-0.030599
INFO 2025-11-16 10:38:48 [main] demo.training.log.LogGenerator - LOGIN|202|Luis Fernández|210.11.124.158|40.356640|-3.764814
INFO 2025-11-16 10:38:48 [main] demo.training.log.LogGenerator - PERFORMANCE|0.292|EXPORT DATA|FAILURE|Beatriz Ortega|51.419734|-0.066670
INFO 2025-11-16 10:38:48 [main] demo.training.log.LogGenerator - PERFORMANCE|1.699|SEND EMAIL|SUCCESS|Elena Martínez|51.514913|-0.179623
WARN 2025-11-16 10:38:48 [main] demo.training.log.LogGenerator - Slow response detected|action=CREATE USER|user=Marta Castillo|duration=3.472s
INFO 2025-11-16 10:38:48 [main] demo.training.log.LogGenerator - LOGIN|400|Pablo Ibáñez|44.15.100.28|41.366504|2.224643
DEBUG 2025-11-16 10:38:48 [main] demo.training.log.LogGenerator - Health check OK
WARN 2025-11-16 10:38:48 [main] demo.training.log.LogGenerator - Slow response detected|action=LOGIN|user=Laura Gómez|duration=3.411s
INFO 2025-11-16 10:38:48 [main] demo.training.log.LogGenerator - LOGIN|500|Ana García|169.101.78.254|40.483243|-3.686071
WARN 2025-11-16 10:38:48 [main] demo.training.log.LogGenerator - Slow response detected|action=CREATE USER|user=Sergio Romero|duration=5.497s
DEBUG 2025-11-16 10:38:48 [main] demo.training.log.LogGenerator - Reading configuration from cache
INFO 2025-11-16 10:38:48 [main] demo.training.log.LogGenerator - LOGIN|400|Carlos Sánchez|129.10.152.143|40.429601|-3.670202
DEBUG 2025-11-16 10:38:48 [main] demo.training.log.LogGenerator - Health check OK
DEBUG 2025-11-16 10:38:48 [main] demo.training.log.LogGenerator - Refreshing user session
INFO 2025-11-16 10:38:48 [main] demo.training.log.LogGenerator - PERFORMANCE|2.393|SEND EMAIL|FAILURE|Fernando Vega|40.411952|-3.766414
WARN 2025-11-16 10:38:48 [main] demo.training.log.LogGenerator - Slow response detected|action=DELETE USER|user=Javier Rodríguez|duration=6.421s
INFO 2025-11-16 10:38:48 [main] demo.training.log.LogGenerator - LOGIN|100|Alberto Domínguez|109.135.113.111|40.322440|-3.625481
INFO 2025-11-16 10:38:48 [main] demo.training.log.LogGenerator - PERFORMANCE|1.479|LOGIN|FAILURE|Laura Gómez|52.539181|13.467723
ERROR 2025-11-16 10:38:48 [main] demo.training.log.LogGenerator - Number expected|
java.lang.RuntimeException: Number expected
	at com.ainedit.loggenerator.LogGenerator.writeErrorTraceWithStack(LogGenerator.java:225)
	at com.ainedit.loggenerator.LogGenerator.generateRandomEvent(LogGenerator.java:141)
	at com.ainedit.loggenerator.LogGenerator.main(LogGenerator.java:108)
INFO 2025-11-16 10:38:48 [main] demo.training.log.LogGenerator - LOGIN|201|Alberto Domínguez|180.55.224.234|52.575341|13.439760
INFO 2025-11-16 10:38:48 [main] demo.training.log.LogGenerator - LOGIN|201|Alberto Domínguez|155.91.255.200|41.329784|2.135708
WARN 2025-11-16 10:38:48 [main] demo.training.log.LogGenerator - Slow response detected|action=CREATE USER|user=Laura Gómez|duration=3.200s
INFO 2025-11-16 10:38:48 [main] demo.training.log.LogGenerator - LOGIN|250|Elena Martínez|120.41.41.17|51.519690|-0.175076
INFO 2025-11-16 10:38:48 [main] demo.training.log.LogGenerator - LOGIN|400|Sergio Romero|96.18.11.120|51.590691|-0.036989
INFO 2025-11-16 10:38:48 [main] demo.training.log.LogGenerator - LOGIN|200|Javier Rodríguez|64.215.51.105|41.427481|2.070597
INFO 2025-11-16 10:38:48 [main] demo.training.log.LogGenerator - PERFORMANCE|7.389|CREATE USER|FAILURE|Silvia Calderón|52.600149|13.338378
WARN 2025-11-16 10:38:48 [main] demo.training.log.LogGenerator - Slow response detected|action=CREATE USER|user=Diego Navarro|duration=7.856s
INFO 2025-11-16 10:38:48 [main] demo.training.log.LogGenerator - PERFORMANCE|1.474|SEND EMAIL|SUCCESS|Raquel Núñez|41.487018|2.103388
DEBUG 2025-11-16 10:38:48 [main] demo.training.log.LogGenerator - Reading configuration from cache
INFO 2025-11-16 10:38:48 [main] demo.training.log.LogGenerator - LOGIN|404|Carlos Sánchez|100.154.40.23|48.931709|2.424083
ERROR 2025-11-16 10:38:48 [main] demo.training.log.LogGenerator - Form can not be validated due to some database issue|
java.lang.RuntimeException: Form can not be validated due to some database issue
	at com.ainedit.loggenerator.LogGenerator.writeErrorTraceWithStack(LogGenerator.java:225)
	at com.ainedit.loggenerator.LogGenerator.generateRandomEvent(LogGenerator.java:141)
	at com.ainedit.loggenerator.LogGenerator.main(LogGenerator.java:108)
INFO 2025-11-16 10:38:48 [main] demo.training.log.LogGenerator - LOGIN|500|Cristina Alonso|255.46.179.197|51.510039|-0.092041
INFO 2025-11-16 10:38:48 [main] demo.training.log.LogGenerator - LOGIN|250|María López|118.233.97.124|48.926480|2.380723
INFO 2025-11-16 10:38:48 [main] demo.training.log.LogGenerator - LOGIN|200|Javier Rodríguez|65.244.153.219|41.356902|2.254746
INFO 2025-11-16 10:38:48 [main] demo.training.log.LogGenerator - LOGIN|150|Ana García|212.153.186.219|48.881233|2.405688
DEBUG 2025-11-16 10:38:48 [main] demo.training.log.LogGenerator - Reading configuration from cache
INFO 2025-11-16 10:38:48 [main] demo.training.log.LogGenerator - PERFORMANCE|0.695|DELETE USER|FAILURE|Fernando Vega|48.756820|2.292427
WARN 2025-11-16 10:38:48 [main] demo.training.log.LogGenerator - Slow response detected|action=DOWNLOAD DOCUMENT|user=Rubén Herrera|duration=3.114s
INFO 2025-11-16 10:38:48 [main] demo.training.log.LogGenerator - LOGIN|250|Elena Martínez|135.134.110.30|40.331285|-3.729099
INFO 2025-11-16 10:38:48 [main] demo.training.log.LogGenerator - LOGIN|400|Marta Castillo|243.41.46.211|48.952271|2.254299
WARN 2025-11-16 10:38:48 [main] demo.training.log.LogGenerator - Slow response detected|action=SEND EMAIL|user=Rubén Herrera|duration=5.891s
INFO 2025-11-16 10:38:48 [main] demo.training.log.LogGenerator - PERFORMANCE|1.649|DELETE USER|FAILURE|Cristina Alonso|40.372936|-3.683806
INFO 2025-11-16 10:38:48 [main] demo.training.log.LogGenerator - LOGIN|202|Sergio Romero|59.143.61.219|41.468148|2.132614
DEBUG 2025-11-16 10:38:48 [main] demo.training.log.LogGenerator - Health check OK
DEBUG 2025-11-16 10:38:48 [main] demo.training.log.LogGenerator - Health check OK
INFO 2025-11-16 10:38:48 [main] demo.training.log.LogGenerator - PERFORMANCE|6.235|DOWNLOAD DOCUMENT|FAILURE|Alberto Domínguez|48.834053|2.326241
INFO 2025-11-16 10:38:48 [main] demo.training.log.LogGenerator - PERFORMANCE|2.924|LOGIN|FAILURE|Rubén Herrera|52.447211|13.376306
INFO 2025-11-16 10:38:48 [main] demo.training.log.LogGenerator - PERFORMANCE|0.404|DELETE USER|SUCCESS|Diego Navarro|51.598158|-0.062598
INFO 2025-11-16 10:38:48 [main] demo.training.log.LogGenerator - LOGIN|100|Javier Rodríguez|216.227.238.138|52.520791|13.346713
INFO 2025-11-16 10:38:48 [main] demo.training.log.LogGenerator - PERFORMANCE|2.329|LOGIN|FAILURE|Marta Castillo|52.459409|13.414682
DEBUG 2025-11-16 10:38:48 [main] demo.training.log.LogGenerator - Creating Login Trace
INFO 2025-11-16 10:38:48 [main] demo.training.log.LogGenerator - LOGIN|250|María López|28.227.174.111|52.492134|13.307435
INFO 2025-11-16 10:38:48 [main] demo.training.log.LogGenerator - LOGIN|400|Elena Martínez|246.95.228.228|40.500509|-3.768388
DEBUG 2025-11-16 10:38:48 [main] demo.training.log.LogGenerator - Reading configuration from cache
INFO 2025-11-16 10:38:48 [main] demo.training.log.LogGenerator - LOGIN|201|Ana García|222.85.180.206|52.528865|13.485343
DEBUG 2025-11-16 10:38:48 [main] demo.training.log.LogGenerator - Health check OK
WARN 2025-11-16 10:38:48 [main] demo.training.log.LogGenerator - Slow response detected|action=DOWNLOAD DOCUMENT|user=Ana García|duration=5.887s
DEBUG 2025-11-16 10:38:48 [main] demo.training.log.LogGenerator - Refreshing user session
DEBUG 2025-11-16 10:38:48 [main] demo.training.log.LogGenerator - Refreshing user session
INFO 2025-11-16 10:38:48 [main] demo.training.log.LogGenerator - PERFORMANCE|3.406|EXPORT DATA|FAILURE|Ana García|48.824136|2.368433
INFO 2025-11-16 10:38:48 [main] demo.training.log.LogGenerator - LOGIN|404|Raquel Núñez|194.173.180.28|40.378669|-3.723591
WARN 2025-11-16 10:38:48 [main] demo.training.log.LogGenerator - Slow response detected|action=LOGIN|user=Ana García|duration=5.593s
DEBUG 2025-11-16 10:38:48 [main] demo.training.log.LogGenerator - Creating Login Trace
INFO 2025-11-16 10:38:48 [main] demo.training.log.LogGenerator - PERFORMANCE|5.616|LOGIN|SUCCESS|Alberto Domínguez|40.395751|-3.735036
INFO 2025-11-16 10:38:48 [main] demo.training.log.LogGenerator - LOGIN|204|Silvia Calderón|152.44.226.44|51.440811|-0.187107
WARN 2025-11-16 10:38:48 [main] demo.training.log.LogGenerator - Slow response detected|action=LOGIN|user=María López|duration=3.860s
INFO 2025-11-16 10:38:48 [main] demo.training.log.LogGenerator - LOGIN|500|Raquel Núñez|34.237.220.127|52.450934|13.450636
WARN 2025-11-16 10:38:48 [main] demo.training.log.LogGenerator - Slow response detected|action=SEND EMAIL|user=Cristina Alonso|duration=3.598s
INFO 2025-11-16 10:38:48 [main] demo.training.log.LogGenerator - PERFORMANCE|3.211|SEND EMAIL|SUCCESS|Ignacio Rubio|51.435982|-0.202264
WARN 2025-11-16 10:38:48 [main] demo.training.log.LogGenerator - Slow response detected|action=EXPORT DATA|user=Alberto Domínguez|duration=4.177s
DEBUG 2025-11-16 10:38:48 [main] demo.training.log.LogGenerator - Refreshing user session
DEBUG 2025-11-16 10:38:48 [main] demo.training.log.LogGenerator - Creating Performance Trace
DEBUG 2025-11-16 10:38:48 [main] demo.training.log.LogGenerator - Creating Login Trace
INFO 2025-11-16 10:38:48 [main] demo.training.log.LogGenerator - LOGIN|500|Ignacio Rubio|207.129.148.74|48.801852|2.394908
WARN 2025-11-16 10:38:48 [main] demo.training.log.LogGenerator - Slow response detected|action=DOWNLOAD DOCUMENT|user=Cristina Alonso|duration=6.307s
INFO 2025-11-16 10:38:48 [main] demo.training.log.LogGenerator - PERFORMANCE|2.893|DELETE USER|FAILURE|Patricia Morales|40.369835|-3.627930
INFO 2025-11-16 10:38:48 [main] demo.training.log.LogGenerator - LOGIN|404|Ignacio Rubio|255.233.35.46|51.550308|-0.035341
WARN 2025-11-16 10:38:48 [main] demo.training.log.LogGenerator - Slow response detected|action=LOGIN|user=Sergio Romero|duration=5.956s
INFO 2025-11-16 10:38:48 [main] demo.training.log.LogGenerator - PERFORMANCE|0.448|CREATE USER|SUCCESS|Ana García|52.545629|13.349785
INFO 2025-11-16 10:38:48 [main] demo.training.log.LogGenerator - PERFORMANCE|1.465|SEND EMAIL|SUCCESS|Pablo Ibáñez|41.399203|2.105217
WARN 2025-11-16 10:38:48 [main] demo.training.log.LogGenerator - Slow response detected|action=SEND EMAIL|user=Beatriz Ortega|duration=6.601s
DEBUG 2025-11-16 10:38:48 [main] demo.training.log.LogGenerator - Reading configuration from cache
INFO 2025-11-16 10:38:48 [main] demo.training.log.LogGenerator - PERFORMANCE|1.338|DOWNLOAD DOCUMENT|SUCCESS|Pablo Ibáñez|40.355040|-3.656279
DEBUG 2025-11-16 10:38:48 [main] demo.training.log.LogGenerator - Creating Login Trace
DEBUG 2025-11-16 10:38:48 [main] demo.training.log.LogGenerator - Reading configuration from cache
INFO 2025-11-16 10:38:48 [main] demo.training.log.LogGenerator - LOGIN|202|Sergio Romero|108.117.166.155|51.487021|-0.215843
INFO 2025-11-16 10:38:48 [main] demo.training.log.LogGenerator - LOGIN|400|Carlos Sánchez|51.131.241.236|40.504468|-3.624157
DEBUG 2025-11-16 10:38:48 [main] demo.training.log.LogGenerator - Reading configuration from cache
DEBUG 2025-11-16 10:38:48 [main] demo.training.log.LogGenerator - Reading configuration from cache
INFO 2025-11-16 10:38:48 [main] demo.training.log.LogGenerator - LOGIN|202|Luis Fernández|113.189.126.173|48.935119|2.419074
DEBUG 2025-11-16 10:38:48 [main] demo.training.log.LogGenerator - Health check OK
DEBUG 2025-11-16 10:38:48 [main] demo.training.log.LogGenerator - Health check OK
WARN 2025-11-16 10:38:48 [main] demo.training.log.LogGenerator - Slow response detected|action=LOGIN|user=María López|duration=6.870s
DEBUG 2025-11-16 10:38:48 [main] demo.training.log.LogGenerator - Reading configuration from cache
DEBUG 2025-11-16 10:38:48 [main] demo.training.log.LogGenerator - Refreshing user session
INFO 2025-11-16 10:38:48 [main] demo.training.log.LogGenerator - PERFORMANCE|5.001|EXPORT DATA|FAILURE|Cristina Alonso|40.500197|-3.779431
INFO 2025-11-16 10:38:48 [main] demo.training.log.LogGenerator - PERFORMANCE|1.908|DOWNLOAD DOCUMENT|SUCCESS|Laura Gómez|48.867143|2.429147
INFO 2025-11-16 10:38:48 [main] demo.training.log.LogGenerator - LOGIN|150|Pablo Ibáñez|2.30.253.115|51.517980|-0.164182
ERROR 2025-11-16 10:38:48 [main] demo.training.log.LogGenerator - User can not be null. Can not fetch information from the database|
java.lang.RuntimeException: User can not be null. Can not fetch information from the database
	at com.ainedit.loggenerator.LogGenerator.writeErrorTraceWithStack(LogGenerator.java:225)
	at com.ainedit.loggenerator.LogGenerator.generateRandomEvent(LogGenerator.java:141)
	at com.ainedit.loggenerator.LogGenerator.main(LogGenerator.java:108)
DEBUG 2025-11-16 10:38:48 [main] demo.training.log.LogGenerator - Refreshing user session
WARN 2025-11-16 10:38:48 [main] demo.training.log.LogGenerator - Slow response detected|action=LOGIN|user=Marta Castillo|duration=7.467s
INFO 2025-11-16 10:38:48 [main] demo.training.log.LogGenerator - LOGIN|202|Beatriz Ortega|220.103.212.197|48.787718|2.342148
DEBUG 2025-11-16 10:38:48 [main] demo.training.log.LogGenerator - Refreshing user session
WARN 2025-11-16 10:38:48 [main] demo.training.log.LogGenerator - Slow response detected|action=DOWNLOAD DOCUMENT|user=Silvia Calderón|duration=4.587s
INFO 2025-11-16 10:38:48 [main] demo.training.log.LogGenerator - LOGIN|150|Silvia Calderón|108.8.240.247|40.509813|-3.737110
INFO 2025-11-16 10:38:48 [main] demo.training.log.LogGenerator - PERFORMANCE|0.323|SEND EMAIL|SUCCESS|Patricia Morales|48.947334|2.334839
INFO 2025-11-16 10:38:48 [main] demo.training.log.LogGenerator - LOGIN|400|Alberto Domínguez|233.203.142.98|40.443487|-3.700489
INFO 2025-11-16 10:38:48 [main] demo.training.log.LogGenerator - PERFORMANCE|4.884|SEND EMAIL|SUCCESS|Carlos Sánchez|48.919382|2.379517
INFO 2025-11-16 10:38:48 [main] demo.training.log.LogGenerator - PERFORMANCE|0.696|DELETE USER|SUCCESS|Patricia Morales|52.589922|13.393177
INFO 2025-11-16 10:38:48 [main] demo.training.log.LogGenerator - LOGIN|204|Fernando Vega|147.233.44.85|40.482488|-3.653005
WARN 2025-11-16 10:38:48 [main] demo.training.log.LogGenerator - Slow response detected|action=SEND EMAIL|user=Beatriz Ortega|duration=5.300s
INFO 2025-11-16 10:38:48 [main] demo.training.log.LogGenerator - LOGIN|500|Cristina Alonso|166.22.188.55|52.568653|13.491244
DEBUG 2025-11-16 10:38:48 [main] demo.training.log.LogGenerator - Creating Performance Trace
DEBUG 2025-11-16 10:38:48 [main] demo.training.log.LogGenerator - Creating Performance Trace
INFO 2025-11-16 10:38:48 [main] demo.training.log.LogGenerator - LOGIN|100|Elena Martínez|88.184.89.255|51.581179|-0.162510
WARN 2025-11-16 10:38:48 [main] demo.training.log.LogGenerator - Slow response detected|action=CREATE USER|user=Cristina Alonso|duration=4.793s
DEBUG 2025-11-16 10:38:48 [main] demo.training.log.LogGenerator - Creating Performance Trace
INFO 2025-11-16 10:38:48 [main] demo.training.log.LogGenerator - LOGIN|250|Patricia Morales|218.246.233.61|41.388240|2.070368
DEBUG 2025-11-16 10:38:48 [main] demo.training.log.LogGenerator - Refreshing user session
WARN 2025-11-16 10:38:48 [main] demo.training.log.LogGenerator - Slow response detected|action=EXPORT DATA|user=Cristina Alonso|duration=4.648s
WARN 2025-11-16 10:38:48 [main] demo.training.log.LogGenerator - Slow response detected|action=CREATE USER|user=Sergio Romero|duration=7.506s
INFO 2025-11-16 10:38:48 [main] demo.training.log.LogGenerator - PERFORMANCE|2.780|DOWNLOAD DOCUMENT|SUCCESS|Luis Fernández|51.462563|-0.074558
INFO 2025-11-16 10:38:48 [main] demo.training.log.LogGenerator - PERFORMANCE|4.468|DELETE USER|SUCCESS|Pablo Ibáñez|51.515549|-0.217793
DEBUG 2025-11-16 10:38:48 [main] demo.training.log.LogGenerator - Reading configuration from cache
ERROR 2025-11-16 10:38:48 [main] demo.training.log.LogGenerator - User not found|
java.lang.RuntimeException: User not found
	at com.ainedit.loggenerator.LogGenerator.writeErrorTraceWithStack(LogGenerator.java:225)
	at com.ainedit.loggenerator.LogGenerator.generateRandomEvent(LogGenerator.java:141)
	at com.ainedit.loggenerator.LogGenerator.main(LogGenerator.java:108)
DEBUG 2025-11-16 10:38:48 [main] demo.training.log.LogGenerator - Reading configuration from cache
DEBUG 2025-11-16 10:38:48 [main] demo.training.log.LogGenerator - Creating Login Trace
INFO 2025-11-16 10:38:48 [main] demo.training.log.LogGenerator - PERFORMANCE|4.922|LOGIN|FAILURE|Ana García|40.481128|-3.685303
WARN 2025-11-16 10:38:48 [main] demo.training.log.LogGenerator - Slow response detected|action=SEND EMAIL|user=Silvia Calderón|duration=7.622s
INFO 2025-11-16 10:38:48 [main] demo.training.log.LogGenerator - LOGIN|202|Diego Navarro|166.95.6.90|41.485132|2.203696
INFO 2025-11-16 10:38:48 [main] demo.training.log.LogGenerator - LOGIN|202|Luis Fernández|204.41.101.130|48.897440|2.314723
ERROR 2025-11-16 10:38:48 [main] demo.training.log.LogGenerator - Invalid credentials. User will be flagged as inactive|
java.lang.RuntimeException: Invalid credentials. User will be flagged as inactive
	at com.ainedit.loggenerator.LogGenerator.writeErrorTraceWithStack(LogGenerator.java:225)
	at com.ainedit.loggenerator.LogGenerator.generateRandomEvent(LogGenerator.java:141)
	at com.ainedit.loggenerator.LogGenerator.main(LogGenerator.java:108)
ERROR 2025-11-16 10:38:48 [main] demo.training.log.LogGenerator - Number expected|
java.lang.RuntimeException: Number expected
	at com.ainedit.loggenerator.LogGenerator.writeErrorTraceWithStack(LogGenerator.java:225)
	at com.ainedit.loggenerator.LogGenerator.generateRandomEvent(LogGenerator.java:141)
	at com.ainedit.loggenerator.LogGenerator.main(LogGenerator.java:108)
INFO 2025-11-16 10:38:48 [main] demo.training.log.LogGenerator - LOGIN|404|Luis Fernández|97.90.25.30|52.448417|13.476158
DEBUG 2025-11-16 10:38:48 [main] demo.training.log.LogGenerator - Creating Login Trace
DEBUG 2025-11-16 10:38:48 [main] demo.training.log.LogGenerator - Refreshing user session
INFO 2025-11-16 10:38:48 [main] demo.training.log.LogGenerator - PERFORMANCE|6.595|SEND EMAIL|SUCCESS|Ana García|40.506200|-3.726600
INFO 2025-11-16 10:38:48 [main] demo.training.log.LogGenerator - PERFORMANCE|2.106|CREATE USER|SUCCESS|Luis Fernández|40.352989|-3.794325
ERROR 2025-11-16 10:38:48 [main] demo.training.log.LogGenerator - User not found|
java.lang.RuntimeException: User not found
	at com.ainedit.loggenerator.LogGenerator.writeErrorTraceWithStack(LogGenerator.java:225)
	at com.ainedit.loggenerator.LogGenerator.generateRandomEvent(LogGenerator.java:141)
	at com.ainedit.loggenerator.LogGenerator.main(LogGenerator.java:108)
DEBUG 2025-11-16 10:38:48 [main] demo.training.log.LogGenerator - Health check OK
INFO 2025-11-16 10:38:48 [main] demo.training.log.LogGenerator - PERFORMANCE|4.276|EXPORT DATA|SUCCESS|Javier Rodríguez|48.918175|2.334867
DEBUG 2025-11-16 10:38:48 [main] demo.training.log.LogGenerator - Health check OK
DEBUG 2025-11-16 10:38:48 [main] demo.training.log.LogGenerator - Refreshing user session
ERROR 2025-11-16 10:38:48 [main] demo.training.log.LogGenerator - Invalid credentials. User will be flagged as inactive|
java.lang.RuntimeException: Invalid credentials. User will be flagged as inactive
	at com.ainedit.loggenerator.LogGenerator.writeErrorTraceWithStack(LogGenerator.java:225)
	at com.ainedit.loggenerator.LogGenerator.generateRandomEvent(LogGenerator.java:141)
	at com.ainedit.loggenerator.LogGenerator.main(LogGenerator.java:108)
WARN 2025-11-16 10:38:48 [main] demo.training.log.LogGenerator - Slow response detected|action=DOWNLOAD DOCUMENT|user=Ignacio Rubio|duration=3.645s
DEBUG 2025-11-16 10:38:48 [main] demo.training.log.LogGenerator - Creating Login Trace
INFO 2025-11-16 10:38:48 [main] demo.training.log.LogGenerator - PERFORMANCE|6.243|SEND EMAIL|SUCCESS|Alberto Domínguez|41.324321|2.218084
INFO 2025-11-16 10:38:48 [main] demo.training.log.LogGenerator - LOGIN|100|Rubén Herrera|96.156.216.204|52.590010|13.317847
INFO 2025-11-16 10:38:48 [main] demo.training.log.LogGenerator - PERFORMANCE|7.190|DOWNLOAD DOCUMENT|FAILURE|Ignacio Rubio|48.779999|2.417416
INFO 2025-11-16 10:38:48 [main] demo.training.log.LogGenerator - LOGIN|202|Marta Castillo|195.235.107.30|52.554339|13.399784
WARN 2025-11-16 10:38:48 [main] demo.training.log.LogGenerator - Slow response detected|action=SEND EMAIL|user=Raquel Núñez|duration=3.668s
WARN 2025-11-16 10:38:48 [main] demo.training.log.LogGenerator - Slow response detected|action=EXPORT DATA|user=Laura Gómez|duration=7.221s
DEBUG 2025-11-16 10:38:48 [main] demo.training.log.LogGenerator - Refreshing user session
ERROR 2025-11-16 10:38:48 [main] demo.training.log.LogGenerator - Number expected|
java.lang.RuntimeException: Number expected
	at com.ainedit.loggenerator.LogGenerator.writeErrorTraceWithStack(LogGenerator.java:225)
	at com.ainedit.loggenerator.LogGenerator.generateRandomEvent(LogGenerator.java:141)
	at com.ainedit.loggenerator.LogGenerator.main(LogGenerator.java:108)
DEBUG 2025-11-16 10:38:48 [main] demo.training.log.LogGenerator - Health check OK
INFO 2025-11-16 10:38:48 [main] demo.training.log.LogGenerator - LOGIN|201|María López|150.227.31.218|40.334570|-3.621783
DEBUG 2025-11-16 10:38:48 [main] demo.training.log.LogGenerator - Reading configuration from cache
INFO 2025-11-16 10:38:48 [main] demo.training.log.LogGenerator - PERFORMANCE|4.021|DELETE USER|FAILURE|Rubén Herrera|51.535354|-0.084783
INFO 2025-11-16 10:38:48 [main] demo.training.log.LogGenerator - PERFORMANCE|1.287|DELETE USER|FAILURE|Luis Fernández|41.433985|2.220710
WARN 2025-11-16 10:38:48 [main] demo.training.log.LogGenerator - Slow response detected|action=CREATE USER|user=Cristina Alonso|duration=4.520s
INFO 2025-11-16 10:38:48 [main] demo.training.log.LogGenerator - PERFORMANCE|1.797|LOGIN|FAILURE|Ana García|48.915121|2.402049
DEBUG 2025-11-16 10:38:48 [main] demo.training.log.LogGenerator - Reading configuration from cache
WARN 2025-11-16 10:38:48 [main] demo.training.log.LogGenerator - Slow response detected|action=LOGIN|user=Silvia Calderón|duration=3.390s
INFO 2025-11-16 10:38:48 [main] demo.training.log.LogGenerator - PERFORMANCE|3.329|DOWNLOAD DOCUMENT|SUCCESS|Cristina Alonso|48.821752|2.329631
DEBUG 2025-11-16 10:38:48 [main] demo.training.log.LogGenerator - Creating Performance Trace
DEBUG 2025-11-16 10:38:48 [main] demo.training.log.LogGenerator - Health check OK
DEBUG 2025-11-16 10:38:48 [main] demo.training.log.LogGenerator - Creating Login Trace
WARN 2025-11-16 10:38:48 [main] demo.training.log.LogGenerator - Slow response detected|action=LOGIN|user=Pablo Ibáñez|duration=3.527s
INFO 2025-11-16 10:38:48 [main] demo.training.log.LogGenerator - PERFORMANCE|2.618|DOWNLOAD DOCUMENT|FAILURE|Diego Navarro|52.478414|13.408493
DEBUG 2025-11-16 10:38:48 [main] demo.training.log.LogGenerator - Refreshing user session
WARN 2025-11-16 10:38:48 [main] demo.training.log.LogGenerator - Slow response detected|action=LOGIN|user=Pablo Ibáñez|duration=4.702s
INFO 2025-11-16 10:38:48 [main] demo.training.log.LogGenerator - PERFORMANCE|4.209|CREATE USER|FAILURE|Alberto Domínguez|40.406491|-3.773808
ERROR 2025-11-16 10:38:48 [main] demo.training.log.LogGenerator - Number expected|
java.lang.RuntimeException: Number expected
	at com.ainedit.loggenerator.LogGenerator.writeErrorTraceWithStack(LogGenerator.java:225)
	at com.ainedit.loggenerator.LogGenerator.generateRandomEvent(LogGenerator.java:141)
	at com.ainedit.loggenerator.LogGenerator.main(LogGenerator.java:108)
INFO 2025-11-16 10:38:48 [main] demo.training.log.LogGenerator - PERFORMANCE|1.610|SEND EMAIL|FAILURE|Silvia Calderón|51.485422|-0.029096
INFO 2025-11-16 10:38:48 [main] demo.training.log.LogGenerator - PERFORMANCE|4.932|LOGIN|SUCCESS|Diego Navarro|51.468299|-0.056081
INFO 2025-11-16 10:38:48 [main] demo.training.log.LogGenerator - LOGIN|500|Pablo Ibáñez|202.61.121.178|41.480409|2.236207
INFO 2025-11-16 10:38:48 [main] demo.training.log.LogGenerator - PERFORMANCE|0.639|LOGIN|FAILURE|Laura Gómez|41.387950|2.231904
DEBUG 2025-11-16 10:38:48 [main] demo.training.log.LogGenerator - Reading configuration from cache
INFO 2025-11-16 10:38:48 [main] demo.training.log.LogGenerator - LOGIN|202|Marta Castillo|2.106.164.241|51.561866|-0.105199
DEBUG 2025-11-16 10:38:48 [main] demo.training.log.LogGenerator - Creating Performance Trace
DEBUG 2025-11-16 10:38:48 [main] demo.training.log.LogGenerator - Refreshing user session
DEBUG 2025-11-16 10:38:48 [main] demo.training.log.LogGenerator - Creating Login Trace
WARN 2025-11-16 10:38:48 [main] demo.training.log.LogGenerator - Slow response detected|action=EXPORT DATA|user=Patricia Morales|duration=6.831s
DEBUG 2025-11-16 10:38:48 [main] demo.training.log.LogGenerator - Refreshing user session
INFO 2025-11-16 10:38:48 [main] demo.training.log.LogGenerator - PERFORMANCE|1.204|SEND EMAIL|FAILURE|Cristina Alonso|40.502048|-3.754491
DEBUG 2025-11-16 10:38:48 [main] demo.training.log.LogGenerator - Refreshing user session
DEBUG 2025-11-16 10:38:48 [main] demo.training.log.LogGenerator - Reading configuration from cache
WARN 2025-11-16 10:38:48 [main] demo.training.log.LogGenerator - Slow response detected|action=SEND EMAIL|user=Silvia Calderón|duration=6.732s
INFO 2025-11-16 10:38:48 [main] demo.training.log.LogGenerator - PERFORMANCE|4.440|EXPORT DATA|SUCCESS|Luis Fernández|48.907344|2.422225
DEBUG 2025-11-16 10:38:48 [main] demo.training.log.LogGenerator - Refreshing user session
INFO 2025-11-16 10:38:48 [main] demo.training.log.LogGenerator - LOGIN|204|Ana García|122.86.91.53|48.821054|2.399185
INFO 2025-11-16 10:38:48 [main] demo.training.log.LogGenerator - PERFORMANCE|5.668|EXPORT DATA|FAILURE|Luis Fernández|40.515170|-3.796292
WARN 2025-11-16 10:38:48 [main] demo.training.log.LogGenerator - Slow response detected|action=LOGIN|user=Marta Castillo|duration=5.315s
WARN 2025-11-16 10:38:48 [main] demo.training.log.LogGenerator - Slow response detected|action=DOWNLOAD DOCUMENT|user=Marta Castillo|duration=4.174s
DEBUG 2025-11-16 10:38:48 [main] demo.training.log.LogGenerator - Creating Login Trace
INFO 2025-11-16 10:38:48 [main] demo.training.log.LogGenerator - LOGIN|500|Ignacio Rubio|55.221.1.193|40.360752|-3.657090
INFO 2025-11-16 11:01:41 [main] demo.training.log.LogGenerator - LOGIN|250|Luis Fernández|2.126.45.69|51.545788|-0.067074
INFO 2025-11-16 11:01:41 [main] demo.training.log.LogGenerator - PERFORMANCE|4.807|EXPORT DATA|FAILURE|Rubén Herrera|51.542058|-0.077069
DEBUG 2025-11-16 11:01:41 [main] demo.training.log.LogGenerator - Reading configuration from cache
WARN 2025-11-16 11:01:41 [main] demo.training.log.LogGenerator - Slow response detected|action=EXPORT DATA|user=Pablo Ibáñez|duration=7.410s
DEBUG 2025-11-16 11:01:41 [main] demo.training.log.LogGenerator - Health check OK
DEBUG 2025-11-16 11:01:41 [main] demo.training.log.LogGenerator - Health check OK
ERROR 2025-11-16 11:01:41 [main] demo.training.log.LogGenerator - User not found|
java.lang.RuntimeException: User not found
	at com.ainedit.loggenerator.LogGenerator.writeErrorTraceWithStack(LogGenerator.java:225)
	at com.ainedit.loggenerator.LogGenerator.generateRandomEvent(LogGenerator.java:141)
	at com.ainedit.loggenerator.LogGenerator.main(LogGenerator.java:108)
DEBUG 2025-11-16 11:01:41 [main] demo.training.log.LogGenerator - Creating Performance Trace
INFO 2025-11-16 11:01:41 [main] demo.training.log.LogGenerator - PERFORMANCE|4.221|EXPORT DATA|SUCCESS|Beatriz Ortega|40.467883|-3.615347
ERROR 2025-11-16 11:01:41 [main] demo.training.log.LogGenerator - Document not found|
java.lang.RuntimeException: Document not found
	at com.ainedit.loggenerator.LogGenerator.writeErrorTraceWithStack(LogGenerator.java:225)
	at com.ainedit.loggenerator.LogGenerator.generateRandomEvent(LogGenerator.java:141)
	at com.ainedit.loggenerator.LogGenerator.main(LogGenerator.java:108)
WARN 2025-11-16 11:01:41 [main] demo.training.log.LogGenerator - Slow response detected|action=DOWNLOAD DOCUMENT|user=Alberto Domínguez|duration=6.945s
INFO 2025-11-16 11:01:41 [main] demo.training.log.LogGenerator - LOGIN|400|María López|10.211.151.79|51.482322|-0.170392
DEBUG 2025-11-16 11:01:41 [main] demo.training.log.LogGenerator - Reading configuration from cache
INFO 2025-11-16 11:01:41 [main] demo.training.log.LogGenerator - LOGIN|201|Patricia Morales|22.196.143.215|48.793476|2.308533
WARN 2025-11-16 11:01:41 [main] demo.training.log.LogGenerator - Slow response detected|action=DOWNLOAD DOCUMENT|user=Marta Castillo|duration=7.129s
DEBUG 2025-11-16 11:01:41 [main] demo.training.log.LogGenerator - Reading configuration from cache
DEBUG 2025-11-16 11:01:41 [main] demo.training.log.LogGenerator - Health check OK
WARN 2025-11-16 11:01:41 [main] demo.training.log.LogGenerator - Slow response detected|action=DOWNLOAD DOCUMENT|user=Alberto Domínguez|duration=4.536s
INFO 2025-11-16 11:01:41 [main] demo.training.log.LogGenerator - PERFORMANCE|2.077|CREATE USER|SUCCESS|Rubén Herrera|41.416756|2.142261
INFO 2025-11-16 11:01:41 [main] demo.training.log.LogGenerator - LOGIN|500|María López|210.242.110.200|51.567245|-0.064027
DEBUG 2025-11-16 11:01:41 [main] demo.training.log.LogGenerator - Creating Performance Trace
DEBUG 2025-11-16 11:01:41 [main] demo.training.log.LogGenerator - Refreshing user session
INFO 2025-11-16 11:01:41 [main] demo.training.log.LogGenerator - PERFORMANCE|7.598|DELETE USER|SUCCESS|Javier Rodríguez|52.569834|13.379297
WARN 2025-11-16 11:01:41 [main] demo.training.log.LogGenerator - Slow response detected|action=CREATE USER|user=Diego Navarro|duration=7.353s
INFO 2025-11-16 11:01:41 [main] demo.training.log.LogGenerator - LOGIN|150|Raquel Núñez|188.10.241.35|40.321612|-3.693201
INFO 2025-11-16 11:01:41 [main] demo.training.log.LogGenerator - LOGIN|204|Pablo Ibáñez|217.169.52.135|40.457390|-3.644759
DEBUG 2025-11-16 11:01:41 [main] demo.training.log.LogGenerator - Creating Performance Trace
DEBUG 2025-11-16 11:01:41 [main] demo.training.log.LogGenerator - Refreshing user session
DEBUG 2025-11-16 11:01:41 [main] demo.training.log.LogGenerator - Refreshing user session
DEBUG 2025-11-16 11:01:41 [main] demo.training.log.LogGenerator - Health check OK
WARN 2025-11-16 11:01:41 [main] demo.training.log.LogGenerator - Slow response detected|action=DELETE USER|user=Cristina Alonso|duration=7.184s
INFO 2025-11-16 11:01:41 [main] demo.training.log.LogGenerator - LOGIN|400|Laura Gómez|111.171.153.23|40.431503|-3.612612
DEBUG 2025-11-16 11:01:41 [main] demo.training.log.LogGenerator - Creating Login Trace
DEBUG 2025-11-16 11:01:41 [main] demo.training.log.LogGenerator - Refreshing user session
INFO 2025-11-16 11:01:41 [main] demo.training.log.LogGenerator - PERFORMANCE|6.305|EXPORT DATA|FAILURE|Sergio Romero|40.424238|-3.628496
INFO 2025-11-16 11:01:41 [main] demo.training.log.LogGenerator - LOGIN|100|Rubén Herrera|59.192.57.222|40.366897|-3.680641
DEBUG 2025-11-16 11:01:41 [main] demo.training.log.LogGenerator - Creating Performance Trace
INFO 2025-11-16 11:01:41 [main] demo.training.log.LogGenerator - PERFORMANCE|3.487|CREATE USER|SUCCESS|Laura Gómez|41.376529|2.249227
INFO 2025-11-16 11:01:41 [main] demo.training.log.LogGenerator - LOGIN|150|Ignacio Rubio|55.138.192.105|40.479364|-3.719565
DEBUG 2025-11-16 11:01:41 [main] demo.training.log.LogGenerator - Creating Login Trace
WARN 2025-11-16 11:01:41 [main] demo.training.log.LogGenerator - Slow response detected|action=DOWNLOAD DOCUMENT|user=Beatriz Ortega|duration=6.117s
INFO 2025-11-16 11:01:41 [main] demo.training.log.LogGenerator - PERFORMANCE|4.486|LOGIN|FAILURE|Carlos Sánchez|41.391041|2.154876
INFO 2025-11-16 11:01:41 [main] demo.training.log.LogGenerator - LOGIN|250|Rubén Herrera|85.71.107.145|41.359372|2.100353
DEBUG 2025-11-16 11:01:41 [main] demo.training.log.LogGenerator - Creating Performance Trace
ERROR 2025-11-16 11:01:41 [main] demo.training.log.LogGenerator - Invalid credentials. User will be flagged as inactive|
java.lang.RuntimeException: Invalid credentials. User will be flagged as inactive
	at com.ainedit.loggenerator.LogGenerator.writeErrorTraceWithStack(LogGenerator.java:225)
	at com.ainedit.loggenerator.LogGenerator.generateRandomEvent(LogGenerator.java:141)
	at com.ainedit.loggenerator.LogGenerator.main(LogGenerator.java:108)
INFO 2025-11-16 11:01:41 [main] demo.training.log.LogGenerator - LOGIN|500|Cristina Alonso|31.107.71.139|41.360991|2.155382
INFO 2025-11-16 11:01:41 [main] demo.training.log.LogGenerator - LOGIN|202|Ana García|251.15.86.152|48.824844|2.266671
WARN 2025-11-16 11:01:41 [main] demo.training.log.LogGenerator - Slow response detected|action=DELETE USER|user=Rubén Herrera|duration=5.412s
DEBUG 2025-11-16 11:01:41 [main] demo.training.log.LogGenerator - Creating Login Trace
WARN 2025-11-16 11:01:41 [main] demo.training.log.LogGenerator - Slow response detected|action=SEND EMAIL|user=Raquel Núñez|duration=7.586s
ERROR 2025-11-16 11:01:41 [main] demo.training.log.LogGenerator - User not found|
java.lang.RuntimeException: User not found
	at com.ainedit.loggenerator.LogGenerator.writeErrorTraceWithStack(LogGenerator.java:225)
	at com.ainedit.loggenerator.LogGenerator.generateRandomEvent(LogGenerator.java:141)
	at com.ainedit.loggenerator.LogGenerator.main(LogGenerator.java:108)
INFO 2025-11-16 11:01:41 [main] demo.training.log.LogGenerator - LOGIN|250|Carlos Sánchez|121.62.183.192|48.886344|2.389351
WARN 2025-11-16 11:01:41 [main] demo.training.log.LogGenerator - Slow response detected|action=SEND EMAIL|user=Elena Martínez|duration=3.585s
DEBUG 2025-11-16 11:01:41 [main] demo.training.log.LogGenerator - Health check OK
DEBUG 2025-11-16 11:01:41 [main] demo.training.log.LogGenerator - Creating Login Trace
INFO 2025-11-16 11:01:41 [main] demo.training.log.LogGenerator - LOGIN|404|Pablo Ibáñez|19.186.201.62|48.937673|2.403571
DEBUG 2025-11-16 11:01:41 [main] demo.training.log.LogGenerator - Health check OK
INFO 2025-11-16 11:01:41 [main] demo.training.log.LogGenerator - LOGIN|404|Rubén Herrera|10.150.211.144|40.461189|-3.663124
INFO 2025-11-16 11:01:41 [main] demo.training.log.LogGenerator - LOGIN|204|Alberto Domínguez|187.96.187.132|52.469805|13.450795
WARN 2025-11-16 11:01:41 [main] demo.training.log.LogGenerator - Slow response detected|action=SEND EMAIL|user=Patricia Morales|duration=3.806s
DEBUG 2025-11-16 11:01:41 [main] demo.training.log.LogGenerator - Refreshing user session
INFO 2025-11-16 11:01:41 [main] demo.training.log.LogGenerator - PERFORMANCE|4.265|DELETE USER|FAILURE|Elena Martínez|41.454765|2.207026
INFO 2025-11-16 11:01:41 [main] demo.training.log.LogGenerator - PERFORMANCE|1.421|DOWNLOAD DOCUMENT|SUCCESS|Diego Navarro|41.362665|2.243603
WARN 2025-11-16 11:01:41 [main] demo.training.log.LogGenerator - Slow response detected|action=CREATE USER|user=Fernando Vega|duration=5.684s
INFO 2025-11-16 11:01:41 [main] demo.training.log.LogGenerator - LOGIN|200|Carlos Sánchez|111.196.116.28|51.603839|-0.158556
DEBUG 2025-11-16 11:01:41 [main] demo.training.log.LogGenerator - Refreshing user session
INFO 2025-11-16 11:01:41 [main] demo.training.log.LogGenerator - PERFORMANCE|0.621|EXPORT DATA|FAILURE|Pablo Ibáñez|48.769399|2.302356
WARN 2025-11-16 11:01:41 [main] demo.training.log.LogGenerator - Slow response detected|action=LOGIN|user=Cristina Alonso|duration=3.943s
INFO 2025-11-16 11:01:41 [main] demo.training.log.LogGenerator - PERFORMANCE|6.892|EXPORT DATA|FAILURE|Carlos Sánchez|52.547865|13.469637
DEBUG 2025-11-16 11:01:41 [main] demo.training.log.LogGenerator - Health check OK
INFO 2025-11-16 11:01:41 [main] demo.training.log.LogGenerator - PERFORMANCE|4.254|DELETE USER|FAILURE|Rubén Herrera|51.566564|-0.173798
DEBUG 2025-11-16 11:01:41 [main] demo.training.log.LogGenerator - Reading configuration from cache
WARN 2025-11-16 11:01:41 [main] demo.training.log.LogGenerator - Slow response detected|action=DOWNLOAD DOCUMENT|user=Elena Martínez|duration=5.824s
INFO 2025-11-16 11:01:41 [main] demo.training.log.LogGenerator - PERFORMANCE|3.636|LOGIN|FAILURE|Ana García|52.546893|13.370001
WARN 2025-11-16 11:01:41 [main] demo.training.log.LogGenerator - Slow response detected|action=DELETE USER|user=Carlos Sánchez|duration=3.016s
DEBUG 2025-11-16 11:01:41 [main] demo.training.log.LogGenerator - Creating Performance Trace
DEBUG 2025-11-16 11:01:41 [main] demo.training.log.LogGenerator - Creating Login Trace
INFO 2025-11-16 11:01:41 [main] demo.training.log.LogGenerator - PERFORMANCE|4.099|DELETE USER|SUCCESS|Marta Castillo|51.416054|-0.219213
WARN 2025-11-16 11:01:41 [main] demo.training.log.LogGenerator - Slow response detected|action=SEND EMAIL|user=Alberto Domínguez|duration=3.364s
DEBUG 2025-11-16 11:01:41 [main] demo.training.log.LogGenerator - Creating Performance Trace
DEBUG 2025-11-16 11:01:41 [main] demo.training.log.LogGenerator - Creating Login Trace
INFO 2025-11-16 11:01:41 [main] demo.training.log.LogGenerator - PERFORMANCE|5.626|EXPORT DATA|FAILURE|Cristina Alonso|52.594514|13.365679
DEBUG 2025-11-16 11:01:41 [main] demo.training.log.LogGenerator - Refreshing user session
DEBUG 2025-11-16 11:01:41 [main] demo.training.log.LogGenerator - Creating Login Trace
INFO 2025-11-16 11:01:41 [main] demo.training.log.LogGenerator - LOGIN|400|Alberto Domínguez|113.182.198.213|40.452553|-3.652467
WARN 2025-11-16 11:01:41 [main] demo.training.log.LogGenerator - Slow response detected|action=LOGIN|user=Ana García|duration=5.899s
INFO 2025-11-16 11:01:41 [main] demo.training.log.LogGenerator - LOGIN|200|Rubén Herrera|64.109.145.140|40.468194|-3.738214
DEBUG 2025-11-16 11:01:41 [main] demo.training.log.LogGenerator - Reading configuration from cache
DEBUG 2025-11-16 11:01:41 [main] demo.training.log.LogGenerator - Creating Login Trace
DEBUG 2025-11-16 11:01:41 [main] demo.training.log.LogGenerator - Creating Performance Trace
DEBUG 2025-11-16 11:01:41 [main] demo.training.log.LogGenerator - Creating Performance Trace
INFO 2025-11-16 11:01:41 [main] demo.training.log.LogGenerator - PERFORMANCE|5.438|DELETE USER|FAILURE|María López|48.938075|2.346802
INFO 2025-11-16 11:01:41 [main] demo.training.log.LogGenerator - LOGIN|500|Ignacio Rubio|105.96.222.252|48.868445|2.319931
INFO 2025-11-16 11:01:41 [main] demo.training.log.LogGenerator - PERFORMANCE|1.632|SEND EMAIL|FAILURE|María López|41.472023|2.205818
DEBUG 2025-11-16 11:01:41 [main] demo.training.log.LogGenerator - Refreshing user session
WARN 2025-11-16 11:01:41 [main] demo.training.log.LogGenerator - Slow response detected|action=LOGIN|user=Diego Navarro|duration=3.304s
WARN 2025-11-16 11:01:41 [main] demo.training.log.LogGenerator - Slow response detected|action=LOGIN|user=Sergio Romero|duration=5.912s
DEBUG 2025-11-16 11:01:41 [main] demo.training.log.LogGenerator - Creating Login Trace
INFO 2025-11-16 11:01:41 [main] demo.training.log.LogGenerator - PERFORMANCE|3.057|DOWNLOAD DOCUMENT|SUCCESS|Rubén Herrera|52.617671|13.404743
DEBUG 2025-11-16 11:01:41 [main] demo.training.log.LogGenerator - Creating Performance Trace
INFO 2025-11-16 11:01:41 [main] demo.training.log.LogGenerator - PERFORMANCE|2.512|EXPORT DATA|FAILURE|Raquel Núñez|52.447369|13.400743
DEBUG 2025-11-16 11:01:41 [main] demo.training.log.LogGenerator - Refreshing user session
WARN 2025-11-16 11:01:41 [main] demo.training.log.LogGenerator - Slow response detected|action=SEND EMAIL|user=Fernando Vega|duration=3.353s
DEBUG 2025-11-16 11:01:41 [main] demo.training.log.LogGenerator - Health check OK
DEBUG 2025-11-16 11:01:41 [main] demo.training.log.LogGenerator - Reading configuration from cache
DEBUG 2025-11-16 11:01:41 [main] demo.training.log.LogGenerator - Health check OK
INFO 2025-11-16 11:01:41 [main] demo.training.log.LogGenerator - LOGIN|250|Beatriz Ortega|153.223.14.83|52.438104|13.480889
WARN 2025-11-16 11:01:41 [main] demo.training.log.LogGenerator - Slow response detected|action=CREATE USER|user=Beatriz Ortega|duration=3.092s
WARN 2025-11-16 11:01:41 [main] demo.training.log.LogGenerator - Slow response detected|action=DELETE USER|user=Ignacio Rubio|duration=4.851s
DEBUG 2025-11-16 11:01:41 [main] demo.training.log.LogGenerator - Creating Performance Trace
DEBUG 2025-11-16 11:01:41 [main] demo.training.log.LogGenerator - Creating Login Trace
INFO 2025-11-16 11:01:41 [main] demo.training.log.LogGenerator - LOGIN|204|Carlos Sánchez|12.74.235.204|40.327252|-3.728541
DEBUG 2025-11-16 11:01:41 [main] demo.training.log.LogGenerator - Reading configuration from cache
DEBUG 2025-11-16 11:01:41 [main] demo.training.log.LogGenerator - Reading configuration from cache
DEBUG 2025-11-16 11:01:41 [main] demo.training.log.LogGenerator - Refreshing user session
INFO 2025-11-16 11:01:41 [main] demo.training.log.LogGenerator - LOGIN|100|Rubén Herrera|186.77.18.220|41.302603|2.254304
INFO 2025-11-16 11:01:41 [main] demo.training.log.LogGenerator - LOGIN|201|Carlos Sánchez|227.17.51.176|48.782194|2.307855
INFO 2025-11-16 11:01:41 [main] demo.training.log.LogGenerator - LOGIN|202|Javier Rodríguez|178.255.254.187|41.447289|2.242212
WARN 2025-11-16 11:01:41 [main] demo.training.log.LogGenerator - Slow response detected|action=SEND EMAIL|user=Beatriz Ortega|duration=4.814s
INFO 2025-11-16 11:01:41 [main] demo.training.log.LogGenerator - LOGIN|100|Laura Gómez|204.155.60.72|48.836058|2.278101
DEBUG 2025-11-16 11:01:41 [main] demo.training.log.LogGenerator - Refreshing user session
WARN 2025-11-16 11:01:41 [main] demo.training.log.LogGenerator - Slow response detected|action=CREATE USER|user=Elena Martínez|duration=6.881s
DEBUG 2025-11-16 11:01:41 [main] demo.training.log.LogGenerator - Health check OK
INFO 2025-11-16 11:01:41 [main] demo.training.log.LogGenerator - PERFORMANCE|4.785|LOGIN|FAILURE|Elena Martínez|51.419714|-0.084193
DEBUG 2025-11-16 11:01:41 [main] demo.training.log.LogGenerator - Creating Performance Trace
DEBUG 2025-11-16 11:01:41 [main] demo.training.log.LogGenerator - Creating Performance Trace
INFO 2025-11-16 11:01:41 [main] demo.training.log.LogGenerator - LOGIN|400|Elena Martínez|219.86.44.39|51.471982|-0.174283
DEBUG 2025-11-16 11:01:41 [main] demo.training.log.LogGenerator - Refreshing user session
INFO 2025-11-16 11:01:41 [main] demo.training.log.LogGenerator - PERFORMANCE|4.778|DOWNLOAD DOCUMENT|FAILURE|Laura Gómez|48.952864|2.274194
ERROR 2025-11-16 11:01:41 [main] demo.training.log.LogGenerator - Email error: can not connect to SMTP Server|
java.lang.RuntimeException: Email error: can not connect to SMTP Server
	at com.ainedit.loggenerator.LogGenerator.writeErrorTraceWithStack(LogGenerator.java:225)
	at com.ainedit.loggenerator.LogGenerator.generateRandomEvent(LogGenerator.java:141)
	at com.ainedit.loggenerator.LogGenerator.main(LogGenerator.java:108)
WARN 2025-11-16 11:01:41 [main] demo.training.log.LogGenerator - Slow response detected|action=CREATE USER|user=Sergio Romero|duration=4.462s
INFO 2025-11-16 11:01:41 [main] demo.training.log.LogGenerator - PERFORMANCE|2.297|DOWNLOAD DOCUMENT|FAILURE|Pablo Ibáñez|41.431560|2.232310
DEBUG 2025-11-16 11:01:41 [main] demo.training.log.LogGenerator - Refreshing user session
DEBUG 2025-11-16 11:01:41 [main] demo.training.log.LogGenerator - Creating Login Trace
INFO 2025-11-16 11:01:41 [main] demo.training.log.LogGenerator - PERFORMANCE|2.967|LOGIN|FAILURE|Elena Martínez|52.533462|13.503963
INFO 2025-11-16 11:01:41 [main] demo.training.log.LogGenerator - LOGIN|150|Beatriz Ortega|235.140.255.216|51.438384|-0.097421
WARN 2025-11-16 11:01:41 [main] demo.training.log.LogGenerator - Slow response detected|action=DOWNLOAD DOCUMENT|user=Patricia Morales|duration=6.045s
INFO 2025-11-16 11:01:41 [main] demo.training.log.LogGenerator - LOGIN|250|Javier Rodríguez|6.88.103.172|52.573462|13.354874
DEBUG 2025-11-16 11:01:41 [main] demo.training.log.LogGenerator - Refreshing user session
INFO 2025-11-16 11:01:41 [main] demo.training.log.LogGenerator - LOGIN|404|Laura Gómez|254.61.1.205|48.813458|2.280063
WARN 2025-11-16 11:01:41 [main] demo.training.log.LogGenerator - Slow response detected|action=EXPORT DATA|user=María López|duration=5.220s
ERROR 2025-11-16 11:01:41 [main] demo.training.log.LogGenerator - Error connecting to database|
java.lang.RuntimeException: Error connecting to database
	at com.ainedit.loggenerator.LogGenerator.writeErrorTraceWithStack(LogGenerator.java:225)
	at com.ainedit.loggenerator.LogGenerator.generateRandomEvent(LogGenerator.java:141)
	at com.ainedit.loggenerator.LogGenerator.main(LogGenerator.java:108)
INFO 2025-11-16 11:01:41 [main] demo.training.log.LogGenerator - LOGIN|202|Patricia Morales|230.79.139.196|51.408418|-0.068646
DEBUG 2025-11-16 11:01:41 [main] demo.training.log.LogGenerator - Creating Performance Trace
DEBUG 2025-11-16 11:01:41 [main] demo.training.log.LogGenerator - Creating Performance Trace
INFO 2025-11-16 11:01:41 [main] demo.training.log.LogGenerator - LOGIN|200|Carlos Sánchez|13.155.10.190|40.321897|-3.718112
DEBUG 2025-11-16 11:01:41 [main] demo.training.log.LogGenerator - Refreshing user session
WARN 2025-11-16 11:01:41 [main] demo.training.log.LogGenerator - Slow response detected|action=CREATE USER|user=Carlos Sánchez|duration=6.295s
WARN 2025-11-16 11:01:41 [main] demo.training.log.LogGenerator - Slow response detected|action=LOGIN|user=Ignacio Rubio|duration=3.681s
INFO 2025-11-16 11:01:41 [main] demo.training.log.LogGenerator - LOGIN|500|Diego Navarro|242.114.233.0|48.838974|2.373223
DEBUG 2025-11-16 11:01:41 [main] demo.training.log.LogGenerator - Health check OK
DEBUG 2025-11-16 11:01:41 [main] demo.training.log.LogGenerator - Creating Performance Trace
WARN 2025-11-16 11:01:41 [main] demo.training.log.LogGenerator - Slow response detected|action=EXPORT DATA|user=Sergio Romero|duration=7.066s
INFO 2025-11-16 11:01:41 [main] demo.training.log.LogGenerator - LOGIN|200|Alberto Domínguez|163.207.14.162|48.906196|2.336676
INFO 2025-11-16 11:01:41 [main] demo.training.log.LogGenerator - PERFORMANCE|7.716|SEND EMAIL|FAILURE|Ana García|48.785676|2.355498
ERROR 2025-11-16 11:01:41 [main] demo.training.log.LogGenerator - Invalid credentials. User will be flagged as inactive|
java.lang.RuntimeException: Invalid credentials. User will be flagged as inactive
	at com.ainedit.loggenerator.LogGenerator.writeErrorTraceWithStack(LogGenerator.java:225)
	at com.ainedit.loggenerator.LogGenerator.generateRandomEvent(LogGenerator.java:141)
	at com.ainedit.loggenerator.LogGenerator.main(LogGenerator.java:108)
INFO 2025-11-16 11:01:41 [main] demo.training.log.LogGenerator - PERFORMANCE|5.544|DELETE USER|SUCCESS|Laura Gómez|51.593035|-0.110763
INFO 2025-11-16 11:01:41 [main] demo.training.log.LogGenerator - PERFORMANCE|1.816|SEND EMAIL|FAILURE|Cristina Alonso|52.527219|13.474995
WARN 2025-11-16 11:01:41 [main] demo.training.log.LogGenerator - Slow response detected|action=DELETE USER|user=Elena Martínez|duration=6.727s
DEBUG 2025-11-16 11:01:41 [main] demo.training.log.LogGenerator - Reading configuration from cache
INFO 2025-11-16 11:01:41 [main] demo.training.log.LogGenerator - LOGIN|150|Silvia Calderón|205.38.148.83|52.542086|13.309081
INFO 2025-11-16 11:01:41 [main] demo.training.log.LogGenerator - LOGIN|200|Laura Gómez|39.28.32.75|52.519011|13.489431
WARN 2025-11-16 11:01:41 [main] demo.training.log.LogGenerator - Slow response detected|action=DOWNLOAD DOCUMENT|user=Diego Navarro|duration=3.478s
DEBUG 2025-11-16 11:01:41 [main] demo.training.log.LogGenerator - Health check OK
INFO 2025-11-16 11:01:41 [main] demo.training.log.LogGenerator - LOGIN|250|Carlos Sánchez|141.239.82.246|52.513100|13.317024
INFO 2025-11-16 11:01:41 [main] demo.training.log.LogGenerator - PERFORMANCE|6.570|SEND EMAIL|SUCCESS|Patricia Morales|41.367527|2.239083
INFO 2025-11-16 11:01:41 [main] demo.training.log.LogGenerator - LOGIN|204|Rubén Herrera|209.15.114.178|51.584529|-0.139001
WARN 2025-11-16 11:01:41 [main] demo.training.log.LogGenerator - Slow response detected|action=CREATE USER|user=Sergio Romero|duration=5.823s
INFO 2025-11-16 11:01:41 [main] demo.training.log.LogGenerator - PERFORMANCE|2.589|DOWNLOAD DOCUMENT|FAILURE|Cristina Alonso|52.484906|13.443638
INFO 2025-11-16 11:01:41 [main] demo.training.log.LogGenerator - LOGIN|500|Pablo Ibáñez|116.18.35.127|52.444145|13.317925
ERROR 2025-11-16 11:01:41 [main] demo.training.log.LogGenerator - Email error: can not connect to SMTP Server|
java.lang.RuntimeException: Email error: can not connect to SMTP Server
	at com.ainedit.loggenerator.LogGenerator.writeErrorTraceWithStack(LogGenerator.java:225)
	at com.ainedit.loggenerator.LogGenerator.generateRandomEvent(LogGenerator.java:141)
	at com.ainedit.loggenerator.LogGenerator.main(LogGenerator.java:108)
INFO 2025-11-16 11:01:41 [main] demo.training.log.LogGenerator - PERFORMANCE|4.890|EXPORT DATA|SUCCESS|Laura Gómez|51.549573|-0.181524
INFO 2025-11-16 11:01:41 [main] demo.training.log.LogGenerator - PERFORMANCE|4.910|LOGIN|SUCCESS|Patricia Morales|51.433681|-0.225159
INFO 2025-11-16 11:01:41 [main] demo.training.log.LogGenerator - LOGIN|204|Cristina Alonso|10.29.13.155|40.506842|-3.669950
INFO 2025-11-16 11:01:41 [main] demo.training.log.LogGenerator - PERFORMANCE|7.575|DELETE USER|FAILURE|Marta Castillo|41.437264|2.204677
INFO 2025-11-16 11:01:41 [main] demo.training.log.LogGenerator - PERFORMANCE|7.990|DOWNLOAD DOCUMENT|FAILURE|Raquel Núñez|48.860819|2.293821
DEBUG 2025-11-16 11:01:41 [main] demo.training.log.LogGenerator - Creating Login Trace
DEBUG 2025-11-16 11:01:41 [main] demo.training.log.LogGenerator - Reading configuration from cache
INFO 2025-11-16 11:01:41 [main] demo.training.log.LogGenerator - LOGIN|404|Marta Castillo|47.230.148.129|51.581180|-0.105507
ERROR 2025-11-16 11:01:41 [main] demo.training.log.LogGenerator - Invalid credentials. User will be flagged as inactive|
java.lang.RuntimeException: Invalid credentials. User will be flagged as inactive
	at com.ainedit.loggenerator.LogGenerator.writeErrorTraceWithStack(LogGenerator.java:225)
	at com.ainedit.loggenerator.LogGenerator.generateRandomEvent(LogGenerator.java:141)
	at com.ainedit.loggenerator.LogGenerator.main(LogGenerator.java:108)
DEBUG 2025-11-16 11:01:41 [main] demo.training.log.LogGenerator - Creating Performance Trace
INFO 2025-11-16 11:01:41 [main] demo.training.log.LogGenerator - PERFORMANCE|7.800|CREATE USER|FAILURE|Ana García|51.468199|-0.028067
INFO 2025-11-16 11:01:41 [main] demo.training.log.LogGenerator - PERFORMANCE|4.916|DOWNLOAD DOCUMENT|SUCCESS|Beatriz Ortega|52.607283|13.465354
DEBUG 2025-11-16 11:01:41 [main] demo.training.log.LogGenerator - Creating Performance Trace
INFO 2025-11-16 11:01:41 [main] demo.training.log.LogGenerator - PERFORMANCE|5.000|CREATE USER|SUCCESS|Silvia Calderón|41.368008|2.227289
DEBUG 2025-11-16 11:01:41 [main] demo.training.log.LogGenerator - Creating Login Trace
INFO 2025-11-16 11:01:41 [main] demo.training.log.LogGenerator - PERFORMANCE|7.737|EXPORT DATA|SUCCESS|Luis Fernández|52.511207|13.332126
WARN 2025-11-16 11:01:41 [main] demo.training.log.LogGenerator - Slow response detected|action=CREATE USER|user=Sergio Romero|duration=3.751s
DEBUG 2025-11-16 11:01:41 [main] demo.training.log.LogGenerator - Refreshing user session
WARN 2025-11-16 11:01:41 [main] demo.training.log.LogGenerator - Slow response detected|action=LOGIN|user=Diego Navarro|duration=3.790s
ERROR 2025-11-16 11:01:41 [main] demo.training.log.LogGenerator - User not found|
java.lang.RuntimeException: User not found
	at com.ainedit.loggenerator.LogGenerator.writeErrorTraceWithStack(LogGenerator.java:225)
	at com.ainedit.loggenerator.LogGenerator.generateRandomEvent(LogGenerator.java:141)
	at com.ainedit.loggenerator.LogGenerator.main(LogGenerator.java:108)
DEBUG 2025-11-16 11:01:41 [main] demo.training.log.LogGenerator - Creating Performance Trace
INFO 2025-11-16 11:01:41 [main] demo.training.log.LogGenerator - LOGIN|400|Carlos Sánchez|245.191.53.155|51.422334|-0.111460
WARN 2025-11-16 11:01:41 [main] demo.training.log.LogGenerator - Slow response detected|action=SEND EMAIL|user=Diego Navarro|duration=7.123s
DEBUG 2025-11-16 11:01:41 [main] demo.training.log.LogGenerator - Refreshing user session
DEBUG 2025-11-16 11:01:41 [main] demo.training.log.LogGenerator - Health check OK
DEBUG 2025-11-16 11:01:41 [main] demo.training.log.LogGenerator - Creating Login Trace
INFO 2025-11-16 11:01:41 [main] demo.training.log.LogGenerator - PERFORMANCE|6.367|EXPORT DATA|SUCCESS|Patricia Morales|48.823598|2.286379
WARN 2025-11-16 11:01:41 [main] demo.training.log.LogGenerator - Slow response detected|action=SEND EMAIL|user=Cristina Alonso|duration=7.135s
INFO 2025-11-16 11:01:41 [main] demo.training.log.LogGenerator - LOGIN|100|Ana García|59.131.133.214|40.373969|-3.735914
ERROR 2025-11-16 11:01:41 [main] demo.training.log.LogGenerator - User not found|
java.lang.RuntimeException: User not found
	at com.ainedit.loggenerator.LogGenerator.writeErrorTraceWithStack(LogGenerator.java:225)
	at com.ainedit.loggenerator.LogGenerator.generateRandomEvent(LogGenerator.java:141)
	at com.ainedit.loggenerator.LogGenerator.main(LogGenerator.java:108)
DEBUG 2025-11-16 11:01:41 [main] demo.training.log.LogGenerator - Health check OK
DEBUG 2025-11-16 11:01:41 [main] demo.training.log.LogGenerator - Health check OK
WARN 2025-11-16 11:01:41 [main] demo.training.log.LogGenerator - Slow response detected|action=LOGIN|user=Pablo Ibáñez|duration=4.286s
DEBUG 2025-11-16 11:01:41 [main] demo.training.log.LogGenerator - Refreshing user session
DEBUG 2025-11-16 11:01:41 [main] demo.training.log.LogGenerator - Refreshing user session
DEBUG 2025-11-16 11:01:41 [main] demo.training.log.LogGenerator - Health check OK
DEBUG 2025-11-16 11:01:41 [main] demo.training.log.LogGenerator - Health check OK
WARN 2025-11-16 11:01:41 [main] demo.training.log.LogGenerator - Slow response detected|action=DELETE USER|user=Pablo Ibáñez|duration=3.055s
WARN 2025-11-16 11:01:41 [main] demo.training.log.LogGenerator - Slow response detected|action=EXPORT DATA|user=Rubén Herrera|duration=6.706s
DEBUG 2025-11-16 11:01:41 [main] demo.training.log.LogGenerator - Creating Performance Trace
INFO 2025-11-16 11:01:41 [main] demo.training.log.LogGenerator - PERFORMANCE|5.152|LOGIN|FAILURE|Laura Gómez|51.458289|-0.188514
DEBUG 2025-11-16 11:01:41 [main] demo.training.log.LogGenerator - Health check OK
DEBUG 2025-11-16 11:01:41 [main] demo.training.log.LogGenerator - Reading configuration from cache
INFO 2025-11-16 11:01:41 [main] demo.training.log.LogGenerator - PERFORMANCE|1.837|SEND EMAIL|SUCCESS|Laura Gómez|51.459249|-0.177205
ERROR 2025-11-16 11:01:41 [main] demo.training.log.LogGenerator - Document not found|
java.lang.RuntimeException: Document not found
	at com.ainedit.loggenerator.LogGenerator.writeErrorTraceWithStack(LogGenerator.java:225)
	at com.ainedit.loggenerator.LogGenerator.generateRandomEvent(LogGenerator.java:141)
	at com.ainedit.loggenerator.LogGenerator.main(LogGenerator.java:108)
ERROR 2025-11-16 11:01:41 [main] demo.training.log.LogGenerator - User not found|
java.lang.RuntimeException: User not found
	at com.ainedit.loggenerator.LogGenerator.writeErrorTraceWithStack(LogGenerator.java:225)
	at com.ainedit.loggenerator.LogGenerator.generateRandomEvent(LogGenerator.java:141)
	at com.ainedit.loggenerator.LogGenerator.main(LogGenerator.java:108)
DEBUG 2025-11-16 11:01:41 [main] demo.training.log.LogGenerator - Reading configuration from cache
DEBUG 2025-11-16 11:01:41 [main] demo.training.log.LogGenerator - Creating Login Trace
DEBUG 2025-11-16 11:01:41 [main] demo.training.log.LogGenerator - Refreshing user session
INFO 2025-11-16 11:01:41 [main] demo.training.log.LogGenerator - PERFORMANCE|7.336|EXPORT DATA|FAILURE|Ignacio Rubio|40.376725|-3.715061
WARN 2025-11-16 11:01:41 [main] demo.training.log.LogGenerator - Slow response detected|action=LOGIN|user=Diego Navarro|duration=3.052s
DEBUG 2025-11-16 11:01:41 [main] demo.training.log.LogGenerator - Health check OK
WARN 2025-11-16 11:01:41 [main] demo.training.log.LogGenerator - Slow response detected|action=CREATE USER|user=Fernando Vega|duration=7.569s
INFO 2025-11-16 11:01:41 [main] demo.training.log.LogGenerator - PERFORMANCE|4.584|DOWNLOAD DOCUMENT|FAILURE|Diego Navarro|48.944255|2.315488
DEBUG 2025-11-16 11:01:41 [main] demo.training.log.LogGenerator - Creating Performance Trace
WARN 2025-11-16 11:01:41 [main] demo.training.log.LogGenerator - Slow response detected|action=CREATE USER|user=Carlos Sánchez|duration=4.067s
DEBUG 2025-11-16 11:01:41 [main] demo.training.log.LogGenerator - Creating Login Trace
INFO 2025-11-16 11:01:41 [main] demo.training.log.LogGenerator - PERFORMANCE|4.530|LOGIN|SUCCESS|Alberto Domínguez|52.604177|13.384450
DEBUG 2025-11-16 11:01:41 [main] demo.training.log.LogGenerator - Refreshing user session
DEBUG 2025-11-16 11:01:41 [main] demo.training.log.LogGenerator - Reading configuration from cache
INFO 2025-11-16 11:01:41 [main] demo.training.log.LogGenerator - LOGIN|404|María López|11.194.222.115|51.533808|-0.099823
INFO 2025-11-16 11:01:41 [main] demo.training.log.LogGenerator - LOGIN|400|Patricia Morales|176.225.233.190|40.486001|-3.741373
DEBUG 2025-11-16 11:01:41 [main] demo.training.log.LogGenerator - Creating Performance Trace
DEBUG 2025-11-16 11:01:41 [main] demo.training.log.LogGenerator - Creating Login Trace
DEBUG 2025-11-16 11:01:41 [main] demo.training.log.LogGenerator - Refreshing user session
DEBUG 2025-11-16 11:01:41 [main] demo.training.log.LogGenerator - Reading configuration from cache
DEBUG 2025-11-16 11:01:41 [main] demo.training.log.LogGenerator - Health check OK
DEBUG 2025-11-16 11:01:41 [main] demo.training.log.LogGenerator - Reading configuration from cache
INFO 2025-11-16 11:01:41 [main] demo.training.log.LogGenerator - LOGIN|500|Sergio Romero|174.22.116.45|41.316082|2.244993
ERROR 2025-11-16 11:01:41 [main] demo.training.log.LogGenerator - Error connecting to database|
java.lang.RuntimeException: Error connecting to database
	at com.ainedit.loggenerator.LogGenerator.writeErrorTraceWithStack(LogGenerator.java:225)
	at com.ainedit.loggenerator.LogGenerator.generateRandomEvent(LogGenerator.java:141)
	at com.ainedit.loggenerator.LogGenerator.main(LogGenerator.java:108)
DEBUG 2025-11-16 11:01:41 [main] demo.training.log.LogGenerator - Creating Login Trace
INFO 2025-11-16 11:01:41 [main] demo.training.log.LogGenerator - PERFORMANCE|7.902|SEND EMAIL|FAILURE|Carlos Sánchez|40.387143|-3.740746
INFO 2025-11-16 11:01:41 [main] demo.training.log.LogGenerator - LOGIN|202|Diego Navarro|199.11.160.166|52.429228|13.485769
WARN 2025-11-16 11:01:41 [main] demo.training.log.LogGenerator - Slow response detected|action=SEND EMAIL|user=Raquel Núñez|duration=3.365s
DEBUG 2025-11-16 11:01:41 [main] demo.training.log.LogGenerator - Creating Performance Trace
WARN 2025-11-16 11:01:41 [main] demo.training.log.LogGenerator - Slow response detected|action=EXPORT DATA|user=Marta Castillo|duration=7.844s
INFO 2025-11-16 11:01:41 [main] demo.training.log.LogGenerator - PERFORMANCE|7.701|DOWNLOAD DOCUMENT|FAILURE|Elena Martínez|48.886366|2.350607
WARN 2025-11-16 11:01:41 [main] demo.training.log.LogGenerator - Slow response detected|action=CREATE USER|user=Marta Castillo|duration=4.347s
DEBUG 2025-11-16 11:01:41 [main] demo.training.log.LogGenerator - Refreshing user session
WARN 2025-11-16 11:01:41 [main] demo.training.log.LogGenerator - Slow response detected|action=DOWNLOAD DOCUMENT|user=Elena Martínez|duration=7.596s
ERROR 2025-11-16 11:01:41 [main] demo.training.log.LogGenerator - User can not be null. Can not fetch information from the database|
java.lang.RuntimeException: User can not be null. Can not fetch information from the database
	at com.ainedit.loggenerator.LogGenerator.writeErrorTraceWithStack(LogGenerator.java:225)
	at com.ainedit.loggenerator.LogGenerator.generateRandomEvent(LogGenerator.java:141)
	at com.ainedit.loggenerator.LogGenerator.main(LogGenerator.java:108)
INFO 2025-11-16 11:01:41 [main] demo.training.log.LogGenerator - PERFORMANCE|0.972|SEND EMAIL|FAILURE|Cristina Alonso|51.559643|-0.055723
DEBUG 2025-11-16 11:01:41 [main] demo.training.log.LogGenerator - Creating Login Trace
DEBUG 2025-11-16 11:01:41 [main] demo.training.log.LogGenerator - Creating Login Trace
INFO 2025-11-16 11:01:41 [main] demo.training.log.LogGenerator - PERFORMANCE|3.174|DOWNLOAD DOCUMENT|SUCCESS|Raquel Núñez|51.560264|-0.148810
WARN 2025-11-16 11:01:41 [main] demo.training.log.LogGenerator - Slow response detected|action=CREATE USER|user=Diego Navarro|duration=7.378s
INFO 2025-11-16 11:01:41 [main] demo.training.log.LogGenerator - PERFORMANCE|4.036|DELETE USER|SUCCESS|Luis Fernández|41.353905|2.082277
DEBUG 2025-11-16 11:01:41 [main] demo.training.log.LogGenerator - Creating Login Trace
WARN 2025-11-16 11:01:41 [main] demo.training.log.LogGenerator - Slow response detected|action=EXPORT DATA|user=María López|duration=3.019s
WARN 2025-11-16 11:01:41 [main] demo.training.log.LogGenerator - Slow response detected|action=DELETE USER|user=Marta Castillo|duration=4.028s
INFO 2025-11-16 11:01:41 [main] demo.training.log.LogGenerator - PERFORMANCE|4.958|LOGIN|SUCCESS|Raquel Núñez|48.828947|2.342508
WARN 2025-11-16 11:01:41 [main] demo.training.log.LogGenerator - Slow response detected|action=CREATE USER|user=Silvia Calderón|duration=7.916s
ERROR 2025-11-16 11:01:41 [main] demo.training.log.LogGenerator - Document not found|
java.lang.RuntimeException: Document not found
	at com.ainedit.loggenerator.LogGenerator.writeErrorTraceWithStack(LogGenerator.java:225)
	at com.ainedit.loggenerator.LogGenerator.generateRandomEvent(LogGenerator.java:141)
	at com.ainedit.loggenerator.LogGenerator.main(LogGenerator.java:108)
INFO 2025-11-16 11:01:41 [main] demo.training.log.LogGenerator - PERFORMANCE|2.564|CREATE USER|FAILURE|Raquel Núñez|51.564025|-0.029637
DEBUG 2025-11-16 11:01:41 [main] demo.training.log.LogGenerator - Reading configuration from cache
DEBUG 2025-11-16 11:01:41 [main] demo.training.log.LogGenerator - Reading configuration from cache
DEBUG 2025-11-16 11:01:41 [main] demo.training.log.LogGenerator - Refreshing user session
WARN 2025-11-16 11:01:41 [main] demo.training.log.LogGenerator - Slow response detected|action=DOWNLOAD DOCUMENT|user=Pablo Ibáñez|duration=6.378s
INFO 2025-11-16 11:01:41 [main] demo.training.log.LogGenerator - LOGIN|500|Diego Navarro|235.220.248.122|51.535149|-0.104928
INFO 2025-11-16 11:01:41 [main] demo.training.log.LogGenerator - LOGIN|204|Alberto Domínguez|54.242.231.51|52.499794|13.418678
WARN 2025-11-16 11:01:41 [main] demo.training.log.LogGenerator - Slow response detected|action=SEND EMAIL|user=María López|duration=4.121s
DEBUG 2025-11-16 11:01:41 [main] demo.training.log.LogGenerator - Refreshing user session
INFO 2025-11-16 11:01:41 [main] demo.training.log.LogGenerator - LOGIN|202|Diego Navarro|165.177.115.21|48.796864|2.391942
DEBUG 2025-11-16 11:01:41 [main] demo.training.log.LogGenerator - Reading configuration from cache
DEBUG 2025-11-16 11:01:41 [main] demo.training.log.LogGenerator - Reading configuration from cache
DEBUG 2025-11-16 11:01:41 [main] demo.training.log.LogGenerator - Creating Login Trace
INFO 2025-11-16 11:01:41 [main] demo.training.log.LogGenerator - PERFORMANCE|0.984|DELETE USER|FAILURE|Javier Rodríguez|40.335350|-3.718481
DEBUG 2025-11-16 11:01:41 [main] demo.training.log.LogGenerator - Creating Login Trace
INFO 2025-11-16 11:01:41 [main] demo.training.log.LogGenerator - PERFORMANCE|4.818|EXPORT DATA|FAILURE|María López|52.522028|13.336525
INFO 2025-11-16 11:01:41 [main] demo.training.log.LogGenerator - LOGIN|200|Pablo Ibáñez|236.141.168.99|52.421421|13.455399
DEBUG 2025-11-16 11:01:41 [main] demo.training.log.LogGenerator - Creating Performance Trace
DEBUG 2025-11-16 11:01:41 [main] demo.training.log.LogGenerator - Creating Login Trace
DEBUG 2025-11-16 11:01:41 [main] demo.training.log.LogGenerator - Refreshing user session
INFO 2025-11-16 11:01:41 [main] demo.training.log.LogGenerator - LOGIN|200|Javier Rodríguez|213.238.254.254|48.812538|2.405182
DEBUG 2025-11-16 11:01:41 [main] demo.training.log.LogGenerator - Creating Login Trace
INFO 2025-11-16 11:01:41 [main] demo.training.log.LogGenerator - LOGIN|150|Pablo Ibáñez|219.54.184.196|40.401218|-3.766816
INFO 2025-11-16 11:01:41 [main] demo.training.log.LogGenerator - PERFORMANCE|5.963|SEND EMAIL|FAILURE|Luis Fernández|48.907029|2.291838
INFO 2025-11-16 11:01:41 [main] demo.training.log.LogGenerator - PERFORMANCE|3.412|DELETE USER|FAILURE|Fernando Vega|48.803699|2.268452
WARN 2025-11-16 11:01:41 [main] demo.training.log.LogGenerator - Slow response detected|action=DELETE USER|user=Ana García|duration=6.104s
INFO 2025-11-16 11:01:41 [main] demo.training.log.LogGenerator - PERFORMANCE|7.534|DOWNLOAD DOCUMENT|FAILURE|Sergio Romero|40.456386|-3.637661
WARN 2025-11-16 11:01:41 [main] demo.training.log.LogGenerator - Slow response detected|action=DELETE USER|user=Sergio Romero|duration=4.900s
DEBUG 2025-11-16 11:01:41 [main] demo.training.log.LogGenerator - Creating Performance Trace
INFO 2025-11-16 11:01:41 [main] demo.training.log.LogGenerator - LOGIN|404|Sergio Romero|2.156.162.158|51.515106|-0.074077
INFO 2025-11-16 11:01:41 [main] demo.training.log.LogGenerator - PERFORMANCE|6.824|SEND EMAIL|SUCCESS|Alberto Domínguez|40.469075|-3.649419
WARN 2025-11-16 11:01:41 [main] demo.training.log.LogGenerator - Slow response detected|action=CREATE USER|user=María López|duration=3.888s
DEBUG 2025-11-16 11:01:41 [main] demo.training.log.LogGenerator - Health check OK
INFO 2025-11-16 11:01:41 [main] demo.training.log.LogGenerator - PERFORMANCE|7.747|EXPORT DATA|FAILURE|Carlos Sánchez|48.878240|2.368061
DEBUG 2025-11-16 11:01:41 [main] demo.training.log.LogGenerator - Refreshing user session
DEBUG 2025-11-16 11:01:41 [main] demo.training.log.LogGenerator - Refreshing user session
INFO 2025-11-16 11:01:41 [main] demo.training.log.LogGenerator - PERFORMANCE|2.775|DOWNLOAD DOCUMENT|SUCCESS|Carlos Sánchez|48.895079|2.404073
ERROR 2025-11-16 11:01:41 [main] demo.training.log.LogGenerator - Error connecting to database|
java.lang.RuntimeException: Error connecting to database
	at com.ainedit.loggenerator.LogGenerator.writeErrorTraceWithStack(LogGenerator.java:225)
	at com.ainedit.loggenerator.LogGenerator.generateRandomEvent(LogGenerator.java:141)
	at com.ainedit.loggenerator.LogGenerator.main(LogGenerator.java:108)
INFO 2025-11-16 11:01:41 [main] demo.training.log.LogGenerator - PERFORMANCE|7.480|CREATE USER|SUCCESS|Beatriz Ortega|40.450465|-3.775219
INFO 2025-11-16 11:01:41 [main] demo.training.log.LogGenerator - LOGIN|250|Ana García|44.99.0.121|52.506589|13.391721
DEBUG 2025-11-16 11:01:41 [main] demo.training.log.LogGenerator - Creating Login Trace
INFO 2025-11-16 11:01:41 [main] demo.training.log.LogGenerator - LOGIN|100|Carlos Sánchez|87.29.43.59|40.373847|-3.617403
INFO 2025-11-16 11:01:41 [main] demo.training.log.LogGenerator - LOGIN|500|Cristina Alonso|239.162.23.242|51.542243|-0.123241
INFO 2025-11-16 11:01:41 [main] demo.training.log.LogGenerator - LOGIN|204|Diego Navarro|69.70.106.170|48.821856|2.296206
INFO 2025-11-16 11:01:41 [main] demo.training.log.LogGenerator - PERFORMANCE|4.405|SEND EMAIL|SUCCESS|Sergio Romero|52.518763|13.469049
DEBUG 2025-11-16 11:01:41 [main] demo.training.log.LogGenerator - Refreshing user session
INFO 2025-11-16 11:01:41 [main] demo.training.log.LogGenerator - PERFORMANCE|0.780|LOGIN|SUCCESS|Patricia Morales|40.478395|-3.774747
WARN 2025-11-16 11:01:41 [main] demo.training.log.LogGenerator - Slow response detected|action=SEND EMAIL|user=Marta Castillo|duration=6.240s
INFO 2025-11-16 11:01:41 [main] demo.training.log.LogGenerator - PERFORMANCE|5.583|EXPORT DATA|SUCCESS|Beatriz Ortega|51.410101|-0.031822
INFO 2025-11-16 11:01:41 [main] demo.training.log.LogGenerator - PERFORMANCE|6.436|CREATE USER|FAILURE|Sergio Romero|48.875185|2.418886
WARN 2025-11-16 11:01:41 [main] demo.training.log.LogGenerator - Slow response detected|action=CREATE USER|user=Diego Navarro|duration=7.905s
INFO 2025-11-16 11:01:41 [main] demo.training.log.LogGenerator - PERFORMANCE|2.196|DELETE USER|SUCCESS|Fernando Vega|48.806708|2.328762
WARN 2025-11-16 11:01:41 [main] demo.training.log.LogGenerator - Slow response detected|action=DELETE USER|user=Cristina Alonso|duration=6.687s
INFO 2025-11-16 11:01:41 [main] demo.training.log.LogGenerator - LOGIN|201|María López|91.175.245.246|40.406841|-3.648327
WARN 2025-11-16 11:01:41 [main] demo.training.log.LogGenerator - Slow response detected|action=CREATE USER|user=Fernando Vega|duration=4.395s
DEBUG 2025-11-16 11:01:41 [main] demo.training.log.LogGenerator - Creating Login Trace
WARN 2025-11-16 11:01:41 [main] demo.training.log.LogGenerator - Slow response detected|action=DELETE USER|user=Alberto Domínguez|duration=3.046s
WARN 2025-11-16 11:01:41 [main] demo.training.log.LogGenerator - Slow response detected|action=CREATE USER|user=Marta Castillo|duration=3.905s
ERROR 2025-11-16 11:01:41 [main] demo.training.log.LogGenerator - Email error: can not connect to SMTP Server|
java.lang.RuntimeException: Email error: can not connect to SMTP Server
	at com.ainedit.loggenerator.LogGenerator.writeErrorTraceWithStack(LogGenerator.java:225)
	at com.ainedit.loggenerator.LogGenerator.generateRandomEvent(LogGenerator.java:141)
	at com.ainedit.loggenerator.LogGenerator.main(LogGenerator.java:108)
INFO 2025-11-16 11:01:41 [main] demo.training.log.LogGenerator - PERFORMANCE|6.390|LOGIN|FAILURE|Diego Navarro|40.505077|-3.704381
INFO 2025-11-16 11:01:41 [main] demo.training.log.LogGenerator - LOGIN|150|Patricia Morales|221.244.15.107|51.431724|-0.179600
INFO 2025-11-16 11:01:41 [main] demo.training.log.LogGenerator - LOGIN|100|Elena Martínez|80.43.159.156|52.507444|13.420051
INFO 2025-11-16 11:01:41 [main] demo.training.log.LogGenerator - LOGIN|404|Beatriz Ortega|241.69.253.36|52.560997|13.350041
DEBUG 2025-11-16 11:01:41 [main] demo.training.log.LogGenerator - Creating Performance Trace
DEBUG 2025-11-16 11:01:41 [main] demo.training.log.LogGenerator - Health check OK
DEBUG 2025-11-16 11:01:41 [main] demo.training.log.LogGenerator - Creating Performance Trace
DEBUG 2025-11-16 11:01:41 [main] demo.training.log.LogGenerator - Refreshing user session
DEBUG 2025-11-16 11:01:41 [main] demo.training.log.LogGenerator - Health check OK
DEBUG 2025-11-16 11:01:41 [main] demo.training.log.LogGenerator - Creating Performance Trace
WARN 2025-11-16 11:01:41 [main] demo.training.log.LogGenerator - Slow response detected|action=CREATE USER|user=Ignacio Rubio|duration=5.017s
INFO 2025-11-16 11:01:41 [main] demo.training.log.LogGenerator - PERFORMANCE|6.059|CREATE USER|SUCCESS|Fernando Vega|52.586217|13.430482
WARN 2025-11-16 11:01:41 [main] demo.training.log.LogGenerator - Slow response detected|action=CREATE USER|user=Pablo Ibáñez|duration=5.251s
DEBUG 2025-11-16 11:01:41 [main] demo.training.log.LogGenerator - Creating Performance Trace
INFO 2025-11-16 11:01:41 [main] demo.training.log.LogGenerator - LOGIN|400|Carlos Sánchez|49.108.149.235|48.824404|2.264317
INFO 2025-11-16 11:01:41 [main] demo.training.log.LogGenerator - LOGIN|204|Rubén Herrera|72.159.188.196|40.513493|-3.613186
INFO 2025-11-16 11:01:41 [main] demo.training.log.LogGenerator - PERFORMANCE|0.810|EXPORT DATA|SUCCESS|Laura Gómez|41.456873|2.193364
INFO 2025-11-16 11:01:41 [main] demo.training.log.LogGenerator - LOGIN|200|Cristina Alonso|24.217.100.226|40.441456|-3.750243
INFO 2025-11-16 11:01:41 [main] demo.training.log.LogGenerator - LOGIN|204|Laura Gómez|179.171.19.249|52.506155|13.430763
INFO 2025-11-16 11:01:41 [main] demo.training.log.LogGenerator - PERFORMANCE|0.775|EXPORT DATA|SUCCESS|Pablo Ibáñez|52.442045|13.435721
WARN 2025-11-16 11:01:41 [main] demo.training.log.LogGenerator - Slow response detected|action=EXPORT DATA|user=Javier Rodríguez|duration=3.029s
DEBUG 2025-11-16 11:01:41 [main] demo.training.log.LogGenerator - Creating Performance Trace
DEBUG 2025-11-16 11:01:41 [main] demo.training.log.LogGenerator - Reading configuration from cache
ERROR 2025-11-16 11:01:41 [main] demo.training.log.LogGenerator - User not found|
java.lang.RuntimeException: User not found
	at com.ainedit.loggenerator.LogGenerator.writeErrorTraceWithStack(LogGenerator.java:225)
	at com.ainedit.loggenerator.LogGenerator.generateRandomEvent(LogGenerator.java:141)
	at com.ainedit.loggenerator.LogGenerator.main(LogGenerator.java:108)
WARN 2025-11-16 11:01:41 [main] demo.training.log.LogGenerator - Slow response detected|action=DELETE USER|user=Marta Castillo|duration=6.591s
INFO 2025-11-16 11:01:41 [main] demo.training.log.LogGenerator - LOGIN|202|Cristina Alonso|239.72.16.5|51.413999|-0.062414
INFO 2025-11-16 11:01:41 [main] demo.training.log.LogGenerator - PERFORMANCE|3.459|SEND EMAIL|SUCCESS|Sergio Romero|51.495863|-0.098263
INFO 2025-11-16 11:01:41 [main] demo.training.log.LogGenerator - PERFORMANCE|4.337|EXPORT DATA|SUCCESS|Raquel Núñez|51.496429|-0.207872
INFO 2025-11-16 11:01:41 [main] demo.training.log.LogGenerator - LOGIN|150|Alberto Domínguez|60.222.72.249|41.287624|2.149716
INFO 2025-11-16 11:01:41 [main] demo.training.log.LogGenerator - LOGIN|200|Silvia Calderón|205.130.198.90|40.412425|-3.604521
INFO 2025-11-16 11:01:41 [main] demo.training.log.LogGenerator - LOGIN|400|María López|117.102.20.128|41.379626|2.121586
INFO 2025-11-16 11:01:41 [main] demo.training.log.LogGenerator - LOGIN|500|Ana García|249.6.209.130|41.304231|2.126923
DEBUG 2025-11-16 11:01:41 [main] demo.training.log.LogGenerator - Refreshing user session
DEBUG 2025-11-16 11:01:41 [main] demo.training.log.LogGenerator - Reading configuration from cache
INFO 2025-11-16 11:01:41 [main] demo.training.log.LogGenerator - LOGIN|200|María López|249.152.223.14|51.594466|-0.207816
DEBUG 2025-11-16 11:01:41 [main] demo.training.log.LogGenerator - Refreshing user session
INFO 2025-11-16 11:01:41 [main] demo.training.log.LogGenerator - LOGIN|201|Sergio Romero|159.91.73.180|52.469667|13.384113
INFO 2025-11-16 11:01:41 [main] demo.training.log.LogGenerator - LOGIN|500|Silvia Calderón|88.207.165.215|52.438352|13.429915
INFO 2025-11-16 11:01:41 [main] demo.training.log.LogGenerator - PERFORMANCE|3.590|DELETE USER|FAILURE|Sergio Romero|48.921409|2.409706
DEBUG 2025-11-16 11:01:41 [main] demo.training.log.LogGenerator - Creating Login Trace
INFO 2025-11-16 11:01:41 [main] demo.training.log.LogGenerator - LOGIN|250|Sergio Romero|81.245.236.247|52.610644|13.313366
INFO 2025-11-16 11:01:41 [main] demo.training.log.LogGenerator - LOGIN|404|Pablo Ibáñez|20.176.117.166|41.480549|2.200467
DEBUG 2025-11-16 11:01:41 [main] demo.training.log.LogGenerator - Creating Login Trace
INFO 2025-11-16 11:01:41 [main] demo.training.log.LogGenerator - LOGIN|202|Carlos Sánchez|240.23.101.61|40.515518|-3.761290
INFO 2025-11-16 11:01:41 [main] demo.training.log.LogGenerator - PERFORMANCE|5.861|LOGIN|SUCCESS|Elena Martínez|51.451452|-0.098717
WARN 2025-11-16 11:01:41 [main] demo.training.log.LogGenerator - Slow response detected|action=CREATE USER|user=Laura Gómez|duration=7.675s
DEBUG 2025-11-16 11:01:41 [main] demo.training.log.LogGenerator - Creating Performance Trace
INFO 2025-11-16 11:01:41 [main] demo.training.log.LogGenerator - PERFORMANCE|1.917|DOWNLOAD DOCUMENT|SUCCESS|Sergio Romero|41.343231|2.127740
INFO 2025-11-16 11:01:41 [main] demo.training.log.LogGenerator - PERFORMANCE|5.754|SEND EMAIL|SUCCESS|Beatriz Ortega|51.504674|-0.133245
DEBUG 2025-11-16 11:01:41 [main] demo.training.log.LogGenerator - Creating Performance Trace
DEBUG 2025-11-16 11:01:41 [main] demo.training.log.LogGenerator - Refreshing user session
INFO 2025-11-16 11:01:41 [main] demo.training.log.LogGenerator - LOGIN|100|Raquel Núñez|239.92.59.220|51.540326|-0.192116
INFO 2025-11-16 11:01:41 [main] demo.training.log.LogGenerator - LOGIN|100|Patricia Morales|192.141.200.89|52.477490|13.309772
INFO 2025-11-16 11:01:41 [main] demo.training.log.LogGenerator - LOGIN|200|Diego Navarro|202.203.94.151|51.556079|-0.177384
INFO 2025-11-16 11:01:41 [main] demo.training.log.LogGenerator - LOGIN|204|Laura Gómez|83.50.146.94|40.322195|-3.630397
INFO 2025-11-16 11:01:41 [main] demo.training.log.LogGenerator - PERFORMANCE|4.190|DELETE USER|FAILURE|Fernando Vega|40.422804|-3.655646
INFO 2025-11-16 11:01:41 [main] demo.training.log.LogGenerator - LOGIN|500|Alberto Domínguez|169.145.158.168|41.321308|2.174581
ERROR 2025-11-16 11:01:41 [main] demo.training.log.LogGenerator - User can not be null. Can not fetch information from the database|
java.lang.RuntimeException: User can not be null. Can not fetch information from the database
	at com.ainedit.loggenerator.LogGenerator.writeErrorTraceWithStack(LogGenerator.java:225)
	at com.ainedit.loggenerator.LogGenerator.generateRandomEvent(LogGenerator.java:141)
	at com.ainedit.loggenerator.LogGenerator.main(LogGenerator.java:108)
DEBUG 2025-11-16 11:01:41 [main] demo.training.log.LogGenerator - Reading configuration from cache
DEBUG 2025-11-16 11:01:41 [main] demo.training.log.LogGenerator - Health check OK
INFO 2025-11-16 11:01:41 [main] demo.training.log.LogGenerator - PERFORMANCE|3.570|LOGIN|SUCCESS|Ignacio Rubio|40.451566|-3.717537
DEBUG 2025-11-16 11:01:41 [main] demo.training.log.LogGenerator - Reading configuration from cache
INFO 2025-11-16 11:01:41 [main] demo.training.log.LogGenerator - LOGIN|202|Javier Rodríguez|59.143.111.216|41.471814|2.147640
WARN 2025-11-16 11:01:41 [main] demo.training.log.LogGenerator - Slow response detected|action=DOWNLOAD DOCUMENT|user=Beatriz Ortega|duration=5.938s
INFO 2025-11-16 11:01:41 [main] demo.training.log.LogGenerator - PERFORMANCE|2.493|LOGIN|SUCCESS|Patricia Morales|48.837423|2.426593
DEBUG 2025-11-16 11:01:41 [main] demo.training.log.LogGenerator - Creating Performance Trace
INFO 2025-11-16 11:01:41 [main] demo.training.log.LogGenerator - LOGIN|250|Raquel Núñez|252.99.97.41|40.386325|-3.758993
INFO 2025-11-16 11:01:41 [main] demo.training.log.LogGenerator - PERFORMANCE|0.544|DELETE USER|FAILURE|Ana García|52.575053|13.352034
INFO 2025-11-16 11:01:41 [main] demo.training.log.LogGenerator - PERFORMANCE|6.176|LOGIN|SUCCESS|Diego Navarro|51.524362|-0.069945
INFO 2025-11-16 11:01:41 [main] demo.training.log.LogGenerator - LOGIN|100|Diego Navarro|242.79.169.104|51.536582|-0.081868
INFO 2025-11-16 11:01:41 [main] demo.training.log.LogGenerator - LOGIN|204|Patricia Morales|246.173.145.107|51.535183|-0.116586
WARN 2025-11-16 11:01:41 [main] demo.training.log.LogGenerator - Slow response detected|action=CREATE USER|user=Pablo Ibáñez|duration=5.801s
DEBUG 2025-11-16 11:01:41 [main] demo.training.log.LogGenerator - Creating Login Trace
DEBUG 2025-11-16 11:01:41 [main] demo.training.log.LogGenerator - Creating Performance Trace
INFO 2025-11-16 11:01:41 [main] demo.training.log.LogGenerator - PERFORMANCE|0.708|DELETE USER|FAILURE|Pablo Ibáñez|41.426161|2.232432
DEBUG 2025-11-16 11:01:41 [main] demo.training.log.LogGenerator - Creating Performance Trace
DEBUG 2025-11-16 11:01:41 [main] demo.training.log.LogGenerator - Reading configuration from cache
WARN 2025-11-16 11:01:41 [main] demo.training.log.LogGenerator - Slow response detected|action=CREATE USER|user=Marta Castillo|duration=4.559s
DEBUG 2025-11-16 11:01:41 [main] demo.training.log.LogGenerator - Creating Performance Trace
INFO 2025-11-16 11:01:41 [main] demo.training.log.LogGenerator - PERFORMANCE|1.355|LOGIN|SUCCESS|Ignacio Rubio|51.417955|-0.081949
INFO 2025-11-16 11:01:41 [main] demo.training.log.LogGenerator - PERFORMANCE|3.587|LOGIN|FAILURE|Laura Gómez|41.462794|2.196108
INFO 2025-11-16 11:01:41 [main] demo.training.log.LogGenerator - LOGIN|100|Beatriz Ortega|226.180.113.227|41.367359|2.115186
DEBUG 2025-11-16 11:01:41 [main] demo.training.log.LogGenerator - Refreshing user session
WARN 2025-11-16 11:01:41 [main] demo.training.log.LogGenerator - Slow response detected|action=DELETE USER|user=Patricia Morales|duration=7.251s
INFO 2025-11-16 11:01:41 [main] demo.training.log.LogGenerator - PERFORMANCE|6.194|SEND EMAIL|FAILURE|Laura Gómez|40.505162|-3.738138
INFO 2025-11-16 11:01:41 [main] demo.training.log.LogGenerator - PERFORMANCE|1.861|EXPORT DATA|SUCCESS|Ignacio Rubio|41.355820|2.214345
DEBUG 2025-11-16 11:01:41 [main] demo.training.log.LogGenerator - Refreshing user session
WARN 2025-11-16 11:01:41 [main] demo.training.log.LogGenerator - Slow response detected|action=DELETE USER|user=Rubén Herrera|duration=5.300s
INFO 2025-11-16 11:01:41 [main] demo.training.log.LogGenerator - PERFORMANCE|3.341|SEND EMAIL|FAILURE|Beatriz Ortega|51.525624|-0.096110
DEBUG 2025-11-16 11:01:41 [main] demo.training.log.LogGenerator - Creating Performance Trace
INFO 2025-11-16 11:01:41 [main] demo.training.log.LogGenerator - LOGIN|400|Elena Martínez|15.171.245.107|48.935141|2.422769
INFO 2025-11-16 11:01:41 [main] demo.training.log.LogGenerator - LOGIN|200|Elena Martínez|67.137.159.101|51.447049|-0.056267
DEBUG 2025-11-16 11:01:41 [main] demo.training.log.LogGenerator - Health check OK
ERROR 2025-11-16 11:01:41 [main] demo.training.log.LogGenerator - Form can not be validated due to some database issue|
java.lang.RuntimeException: Form can not be validated due to some database issue
	at com.ainedit.loggenerator.LogGenerator.writeErrorTraceWithStack(LogGenerator.java:225)
	at com.ainedit.loggenerator.LogGenerator.generateRandomEvent(LogGenerator.java:141)
	at com.ainedit.loggenerator.LogGenerator.main(LogGenerator.java:108)
INFO 2025-11-16 11:01:41 [main] demo.training.log.LogGenerator - PERFORMANCE|3.281|CREATE USER|FAILURE|Luis Fernández|51.451714|-0.222804
DEBUG 2025-11-16 11:01:41 [main] demo.training.log.LogGenerator - Creating Performance Trace
ERROR 2025-11-16 11:01:41 [main] demo.training.log.LogGenerator - Error connecting to database|
java.lang.RuntimeException: Error connecting to database
	at com.ainedit.loggenerator.LogGenerator.writeErrorTraceWithStack(LogGenerator.java:225)
	at com.ainedit.loggenerator.LogGenerator.generateRandomEvent(LogGenerator.java:141)
	at com.ainedit.loggenerator.LogGenerator.main(LogGenerator.java:108)
DEBUG 2025-11-16 11:01:41 [main] demo.training.log.LogGenerator - Health check OK
INFO 2025-11-16 11:01:41 [main] demo.training.log.LogGenerator - PERFORMANCE|3.865|LOGIN|FAILURE|Beatriz Ortega|40.490417|-3.795922
DEBUG 2025-11-16 11:01:41 [main] demo.training.log.LogGenerator - Health check OK
INFO 2025-11-16 11:01:41 [main] demo.training.log.LogGenerator - PERFORMANCE|4.117|DOWNLOAD DOCUMENT|FAILURE|Sergio Romero|48.819784|2.279895
INFO 2025-11-16 11:01:41 [main] demo.training.log.LogGenerator - LOGIN|500|Fernando Vega|220.131.43.15|48.894798|2.287396
WARN 2025-11-16 11:01:41 [main] demo.training.log.LogGenerator - Slow response detected|action=LOGIN|user=Alberto Domínguez|duration=7.648s
WARN 2025-11-16 11:01:41 [main] demo.training.log.LogGenerator - Slow response detected|action=SEND EMAIL|user=Rubén Herrera|duration=3.138s
INFO 2025-11-16 11:01:41 [main] demo.training.log.LogGenerator - PERFORMANCE|4.146|DELETE USER|FAILURE|Javier Rodríguez|40.503502|-3.658911
INFO 2025-11-16 11:01:41 [main] demo.training.log.LogGenerator - PERFORMANCE|2.902|DOWNLOAD DOCUMENT|SUCCESS|Javier Rodríguez|41.449252|2.085814
DEBUG 2025-11-16 11:01:41 [main] demo.training.log.LogGenerator - Creating Performance Trace
DEBUG 2025-11-16 11:01:41 [main] demo.training.log.LogGenerator - Refreshing user session
WARN 2025-11-16 11:01:41 [main] demo.training.log.LogGenerator - Slow response detected|action=DOWNLOAD DOCUMENT|user=Cristina Alonso|duration=3.032s
INFO 2025-11-16 11:01:41 [main] demo.training.log.LogGenerator - LOGIN|500|Raquel Núñez|186.128.123.175|40.441697|-3.726984
WARN 2025-11-16 11:01:41 [main] demo.training.log.LogGenerator - Slow response detected|action=LOGIN|user=Fernando Vega|duration=3.888s
DEBUG 2025-11-16 11:01:41 [main] demo.training.log.LogGenerator - Health check OK
DEBUG 2025-11-16 11:01:41 [main] demo.training.log.LogGenerator - Health check OK
ERROR 2025-11-16 11:01:41 [main] demo.training.log.LogGenerator - Form can not be validated due to some database issue|
java.lang.RuntimeException: Form can not be validated due to some database issue
	at com.ainedit.loggenerator.LogGenerator.writeErrorTraceWithStack(LogGenerator.java:225)
	at com.ainedit.loggenerator.LogGenerator.generateRandomEvent(LogGenerator.java:141)
	at com.ainedit.loggenerator.LogGenerator.main(LogGenerator.java:108)
DEBUG 2025-11-16 11:01:41 [main] demo.training.log.LogGenerator - Reading configuration from cache
DEBUG 2025-11-16 11:01:41 [main] demo.training.log.LogGenerator - Health check OK
DEBUG 2025-11-16 11:01:41 [main] demo.training.log.LogGenerator - Creating Performance Trace
INFO 2025-11-16 11:01:41 [main] demo.training.log.LogGenerator - PERFORMANCE|7.347|SEND EMAIL|FAILURE|Carlos Sánchez|51.490328|-0.084681
DEBUG 2025-11-16 11:01:41 [main] demo.training.log.LogGenerator - Creating Login Trace
INFO 2025-11-16 11:01:41 [main] demo.training.log.LogGenerator - PERFORMANCE|3.771|EXPORT DATA|SUCCESS|María López|41.447357|2.125044
INFO 2025-11-16 11:01:41 [main] demo.training.log.LogGenerator - LOGIN|100|Ignacio Rubio|251.205.210.128|51.428862|-0.134593
WARN 2025-11-16 11:01:41 [main] demo.training.log.LogGenerator - Slow response detected|action=DOWNLOAD DOCUMENT|user=Beatriz Ortega|duration=5.665s
INFO 2025-11-16 11:01:41 [main] demo.training.log.LogGenerator - LOGIN|150|Marta Castillo|173.202.222.15|52.612474|13.449758
DEBUG 2025-11-16 11:01:41 [main] demo.training.log.LogGenerator - Creating Performance Trace
WARN 2025-11-16 11:01:41 [main] demo.training.log.LogGenerator - Slow response detected|action=DELETE USER|user=Patricia Morales|duration=7.939s
DEBUG 2025-11-16 11:01:41 [main] demo.training.log.LogGenerator - Creating Login Trace
DEBUG 2025-11-16 11:01:41 [main] demo.training.log.LogGenerator - Refreshing user session
INFO 2025-11-16 11:01:41 [main] demo.training.log.LogGenerator - PERFORMANCE|0.536|CREATE USER|FAILURE|Rubén Herrera|40.457624|-3.625231
INFO 2025-11-16 11:01:41 [main] demo.training.log.LogGenerator - LOGIN|204|Pablo Ibáñez|55.75.212.179|51.566216|-0.172938
INFO 2025-11-16 11:01:41 [main] demo.training.log.LogGenerator - LOGIN|100|Laura Gómez|191.197.116.36|41.447423|2.181716
INFO 2025-11-16 11:01:41 [main] demo.training.log.LogGenerator - PERFORMANCE|5.002|EXPORT DATA|FAILURE|María López|41.443765|2.217532
WARN 2025-11-16 11:01:41 [main] demo.training.log.LogGenerator - Slow response detected|action=DELETE USER|user=María López|duration=5.945s
INFO 2025-11-16 11:01:41 [main] demo.training.log.LogGenerator - PERFORMANCE|4.223|EXPORT DATA|SUCCESS|Rubén Herrera|40.482845|-3.756688
WARN 2025-11-16 11:01:41 [main] demo.training.log.LogGenerator - Slow response detected|action=DELETE USER|user=Patricia Morales|duration=6.898s
DEBUG 2025-11-16 11:01:41 [main] demo.training.log.LogGenerator - Health check OK
DEBUG 2025-11-16 11:01:41 [main] demo.training.log.LogGenerator - Health check OK
DEBUG 2025-11-16 11:01:41 [main] demo.training.log.LogGenerator - Creating Performance Trace
INFO 2025-11-16 11:01:41 [main] demo.training.log.LogGenerator - LOGIN|500|Javier Rodríguez|234.40.120.164|40.424649|-3.739844
INFO 2025-11-16 11:01:41 [main] demo.training.log.LogGenerator - LOGIN|404|Silvia Calderón|127.116.40.75|41.379973|2.197675
INFO 2025-11-16 11:01:41 [main] demo.training.log.LogGenerator - LOGIN|200|Ana García|17.229.160.191|51.553794|-0.117739
DEBUG 2025-11-16 11:01:41 [main] demo.training.log.LogGenerator - Creating Login Trace
INFO 2025-11-16 11:01:41 [main] demo.training.log.LogGenerator - LOGIN|100|Ignacio Rubio|31.162.140.122|51.519048|-0.126448
DEBUG 2025-11-16 11:01:41 [main] demo.training.log.LogGenerator - Reading configuration from cache
ERROR 2025-11-16 11:01:41 [main] demo.training.log.LogGenerator - Email error: can not connect to SMTP Server|
java.lang.RuntimeException: Email error: can not connect to SMTP Server
	at com.ainedit.loggenerator.LogGenerator.writeErrorTraceWithStack(LogGenerator.java:225)
	at com.ainedit.loggenerator.LogGenerator.generateRandomEvent(LogGenerator.java:141)
	at com.ainedit.loggenerator.LogGenerator.main(LogGenerator.java:108)
DEBUG 2025-11-16 11:01:41 [main] demo.training.log.LogGenerator - Reading configuration from cache
INFO 2025-11-16 11:01:41 [main] demo.training.log.LogGenerator - PERFORMANCE|0.269|LOGIN|SUCCESS|Fernando Vega|48.883085|2.298996
ERROR 2025-11-16 11:01:41 [main] demo.training.log.LogGenerator - Error connecting to database|
java.lang.RuntimeException: Error connecting to database
	at com.ainedit.loggenerator.LogGenerator.writeErrorTraceWithStack(LogGenerator.java:225)
	at com.ainedit.loggenerator.LogGenerator.generateRandomEvent(LogGenerator.java:141)
	at com.ainedit.loggenerator.LogGenerator.main(LogGenerator.java:108)
DEBUG 2025-11-16 11:01:41 [main] demo.training.log.LogGenerator - Health check OK
INFO 2025-11-16 11:01:41 [main] demo.training.log.LogGenerator - LOGIN|404|Silvia Calderón|155.150.62.109|48.777627|2.327632
INFO 2025-11-16 11:01:41 [main] demo.training.log.LogGenerator - PERFORMANCE|6.838|CREATE USER|SUCCESS|María López|51.558058|-0.178521
INFO 2025-11-16 11:01:41 [main] demo.training.log.LogGenerator - PERFORMANCE|5.148|EXPORT DATA|FAILURE|Marta Castillo|40.466799|-3.646928
INFO 2025-11-16 11:01:41 [main] demo.training.log.LogGenerator - LOGIN|100|Rubén Herrera|111.135.36.219|52.539530|13.439837
ERROR 2025-11-16 11:01:41 [main] demo.training.log.LogGenerator - Error connecting to database|
java.lang.RuntimeException: Error connecting to database
	at com.ainedit.loggenerator.LogGenerator.writeErrorTraceWithStack(LogGenerator.java:225)
	at com.ainedit.loggenerator.LogGenerator.generateRandomEvent(LogGenerator.java:141)
	at com.ainedit.loggenerator.LogGenerator.main(LogGenerator.java:108)
WARN 2025-11-16 11:01:41 [main] demo.training.log.LogGenerator - Slow response detected|action=CREATE USER|user=Alberto Domínguez|duration=3.770s
DEBUG 2025-11-16 11:01:41 [main] demo.training.log.LogGenerator - Health check OK
DEBUG 2025-11-16 11:01:41 [main] demo.training.log.LogGenerator - Creating Login Trace
INFO 2025-11-16 11:01:41 [main] demo.training.log.LogGenerator - PERFORMANCE|4.212|DOWNLOAD DOCUMENT|FAILURE|Silvia Calderón|52.578083|13.504671
DEBUG 2025-11-16 11:01:41 [main] demo.training.log.LogGenerator - Reading configuration from cache
DEBUG 2025-11-16 11:01:41 [main] demo.training.log.LogGenerator - Refreshing user session
INFO 2025-11-16 11:01:41 [main] demo.training.log.LogGenerator - PERFORMANCE|6.023|DELETE USER|SUCCESS|Carlos Sánchez|40.370232|-3.787835
DEBUG 2025-11-16 11:01:41 [main] demo.training.log.LogGenerator - Reading configuration from cache
INFO 2025-11-16 11:01:41 [main] demo.training.log.LogGenerator - PERFORMANCE|7.158|EXPORT DATA|SUCCESS|Diego Navarro|40.362566|-3.749946
INFO 2025-11-16 11:01:41 [main] demo.training.log.LogGenerator - LOGIN|404|Fernando Vega|60.194.140.165|52.437147|13.504636
DEBUG 2025-11-16 11:01:41 [main] demo.training.log.LogGenerator - Creating Login Trace
INFO 2025-11-16 11:01:41 [main] demo.training.log.LogGenerator - LOGIN|201|María López|182.1.136.203|41.423446|2.204199
WARN 2025-11-16 11:01:41 [main] demo.training.log.LogGenerator - Slow response detected|action=SEND EMAIL|user=Carlos Sánchez|duration=7.999s
INFO 2025-11-16 11:01:41 [main] demo.training.log.LogGenerator - PERFORMANCE|3.725|EXPORT DATA|FAILURE|Fernando Vega|52.554042|13.488816
INFO 2025-11-16 11:01:41 [main] demo.training.log.LogGenerator - LOGIN|100|Luis Fernández|43.148.185.224|51.508125|-0.102711
DEBUG 2025-11-16 11:01:41 [main] demo.training.log.LogGenerator - Refreshing user session
DEBUG 2025-11-16 11:01:41 [main] demo.training.log.LogGenerator - Reading configuration from cache
INFO 2025-11-16 11:01:41 [main] demo.training.log.LogGenerator - LOGIN|250|Silvia Calderón|254.51.53.38|40.487348|-3.629224
INFO 2025-11-16 11:01:41 [main] demo.training.log.LogGenerator - PERFORMANCE|5.053|DOWNLOAD DOCUMENT|SUCCESS|Sergio Romero|41.409265|2.257125
DEBUG 2025-11-16 11:01:41 [main] demo.training.log.LogGenerator - Creating Login Trace
INFO 2025-11-16 11:01:41 [main] demo.training.log.LogGenerator - LOGIN|404|Javier Rodríguez|191.128.241.210|51.445353|-0.104406
INFO 2025-11-16 11:01:41 [main] demo.training.log.LogGenerator - LOGIN|204|Ana García|87.177.101.231|51.481897|-0.142209
DEBUG 2025-11-16 11:01:41 [main] demo.training.log.LogGenerator - Reading configuration from cache
INFO 2025-11-16 11:01:41 [main] demo.training.log.LogGenerator - PERFORMANCE|7.320|EXPORT DATA|FAILURE|Marta Castillo|48.841931|2.280702
